Time_stamp,fault_status_word_1,fault_status_word_2,fault_status_word_3,fault_status_word_4,mcu_0_fault_status,mcu_1_fault_status,mcu_2_fault_status,mcu_3_fault_status,operational_time,operational_state,dynamic_response,min_propulsion_batt_soc,aux_batt_soc,inertial_x_acc_g,inertial_y_acc_g,inertial_x_rate_rps,inertial_y_rate_rps,inertial_z_rate_rps,pse_pitch_deg,pse_pitch_rate_dps,pse_roll_deg,pse_roll_rate_dps,pse_yaw_rate_dps,pse_data_is_valid,yaw_rate_limit_rps,vel_limit_mps,linear_accel_mps2,linear_vel_mps,differential_wheel_vel_rps,right_front_vel_mps,left_front_vel_mps,right_rear_vel_mps,left_rear_vel_mps,right_front_pos_m,left_front_pos_m,right_rear_pos_m,left_rear_pos_m,linear_pos_m,right_front_current_A0pk,left_front_current_A0pk,right_rear_current_A0pk,left_rear_current_A0pk,max_motor_current_A0pk,right_front_current_limit_A0pk,left_front_current_limit_A0pk,right_rear_current_limit_A0pk,left_rear_current_limit_A0pk,min_motor_current_limit_A0pk,front_base_batt_1_soc,front_base_batt_2_soc,rear_base_batt_1_soc,rear_base_batt_2_soc,front_base_batt_1_temp_degC,front_base_batt_2_temp_degC,rear_base_batt_1_temp_degC,rear_base_batt_2_temp_degC,vel_target_mps,yaw_rate_target_rps,angle_target_deg,aux_batt_voltage_V,aux_batt_current_A,aux_batt_temp_degC,abb_system_status,aux_batt_status,aux_batt_faults,7p2V_battery_voltage,ccu_sp_sw_build_id,ccu_uip_sw_build_id,mcu_0_inst_power_W,mcu_1_inst_power_W,mcu_2_inst_power_W,mcu_3_inst_power_W,mcu_0_total_energy_Wh,mcu_1_total_energy_Wh,mcu_2_total_energy_Wh,mcu_3_total_energy_Wh,fram_vel_limit_mps,fram_accel_limit_mps2,fram_decel_limit_mps2,fram_dtz_decel_limit_mps2,fram_coastdown_decel_mps2,fram_yaw_rate_limit_rps,fram_yaw_accel_limit_rps2,fram_tire_diameter_m,fram_wheelbase_length_m,fram_wheel_track_width_m,fram_transmission_ratio,fram_config_bitmap,fram_eth_ip_address,fram_eth_port_number,fram_eth_subnet_mask,fram_eth_gateway,user_feedback_bitmap_1,user_feedback_bitmap_2,user_feedback_bitmap_3,user_feedback_bitmap_4,
0.0759038925171,0x00000000,0x00000000,0x00000000,0x00000000,0x00000000,0x00000000,0x00000000,0x00000000,17.17,3,0x00000000,96.094,97.255,0.004,-0.064,-0.015,0.005,-0.0,-3.588,-0.475,-1.186,-1.078,0.37,0x00000003,0.0,0.0,-0.005,0.0,0.001,-0.0,0.0,0.0,0.0,0.001,0.001,0.0,0.0,0.001,-0.839,0.61,0.0,0.0,-0.839,34.991,34.991,0.0,0.0,0.0,96.484,96.094,0.0,0.0,26.375,26.25,0.0,0.0,0.0,0.0,90.0,76.711,0.109,27.5,0x00000000,0x00000000,0x00000000,0.0,1246,1279,6.792,3.219,0.0,0.0,0.016,0.009,0.0,0.0,1.0,0.981,0.981,0.981,0.196,1.0,1.0,0.462,0.584,0.57,24.267,0x00000101,192.168.0.40,8080,255.255.255.0,192.168.0.1,0xFFFFFFFF,0xFFFFFFFF,0xFFFFFFFF,0x00000000,
0.125954866409,0x00000000,0x00000000,0x00000000,0x00000000,0x00000000,0x00000000,0x00000000,0x00000000,17.22,3,0x00000000,96.094,97.255,0.002,-0.065,-0.025,-0.025,-0.037,-3.58,0.442,-1.152,0.136,0.009,0x00000003,0.0,0.0,0.012,0.0,0.002,-0.0,0.002,0.0,0.0,0.001,0.001,0.0,0.0,0.001,-0.852,0.61,0.0,0.0,-0.852,34.991,34.991,0.0,0.0,0.0,96.484,96.094,0.0,0.0,26.375,26.25,0.0,0.0,0.0,0.0,90.0,76.711,0.109,27.5,0x00000000,0x00000000,0x00000000,0.0,1246,1279,9.413,3.18,0.0,0.0,0.016,0.009,0.0,0.0,1.0,0.981,0.981,0.981,0.196,1.0,1.0,0.462,0.584,0.57,24.267,0x00000101,192.168.0.40,8080,255.255.255.0,192.168.0.1,0xFFFFFFFF,0xFFFFFFFF,0xFFFFFFFF,0x00000000,
0.175973892212,0x00000000,0x00000000,0x00000000,0x00000000,0x00000000,0x00000000,0x00000000,0x00000000,17.27,3,0x00000000,96.094,97.255,0.004,-0.065,-0.021,-0.021,-0.006,-3.578,0.704,-1.165,-1.066,0.706,0x00000003,0.0,0.0,-0.002,0.0,0.001,-0.0,0.0,0.0,0.0,0.001,0.001,0.0,0.0,0.001,-0.839,0.61,0.0,0.0,-0.839,34.991,34.991,0.0,0.0,0.0,96.484,96.094,0.0,0.0,26.375,26.25,0.0,0.0,0.0,0.0,90.0,76.711,0.109,27.5,0x00000000,0x00000000,0x00000000,0.0,1246,1279,9.526,3.181,0.0,0.0,0.016,0.009,0.0,0.0,1.0,0.981,0.981,0.981,0.196,1.0,1.0,0.462,0.584,0.57,24.267,0x00000101,192.168.0.40,8080,255.255.255.0,192.168.0.1,0xFFFFFFFF,0xFFFFFFFF,0xFFFFFFFF,0x00000000,
0.226022005081,0x00000000,0x00000000,0x00000000,0x00000000,0x00000000,0x00000000,0x00000000,0x00000000,17.32,3,0x00000000,96.094,97.255,0.003,-0.065,-0.022,-0.034,-0.007,-3.589,-0.104,-1.182,-1.811,0.363,0x00000003,0.0,0.0,0.004,0.0,0.001,-0.0,0.001,0.0,0.0,0.001,0.001,0.0,0.0,0.001,-0.954,0.61,0.0,0.0,-0.954,34.991,34.991,0.0,0.0,0.0,96.484,96.094,0.0,0.0,26.375,26.25,0.0,0.0,0.0,0.0,90.0,76.711,0.109,27.438,0x00000000,0x00000000,0x00000000,0.0,1246,1279,8.856,2.541,0.0,0.0,0.016,0.009,0.0,0.0,1.0,0.981,0.981,0.981,0.196,1.0,1.0,0.462,0.584,0.57,24.267,0x00000101,192.168.0.40,8080,255.255.255.0,192.168.0.1,0xFFFFFFFF,0xFFFFFFFF,0xFFFFFFFF,0x00000000,
0.276095867157,0x00000000,0x00000000,0x00000000,0x00000000,0x00000000,0x00000000,0x00000000,0x00000000,17.37,3,0x00000000,96.094,97.255,0.003,-0.064,-0.021,-0.008,-0.012,-3.589,0.226,-1.205,-0.914,-1.372,0x00000003,0.0,0.0,0.004,0.0,0.001,-0.0,0.001,0.0,0.0,0.001,0.001,0.0,0.0,0.001,-0.839,0.61,0.0,0.0,-0.839,34.991,34.991,0.0,0.0,0.0,96.484,96.094,0.0,0.0,26.375,26.25,0.0,0.0,0.0,0.0,90.0,76.711,0.109,27.438,0x00000000,0x00000000,0x00000000,0.0,1246,1279,7.876,1.082,0.0,0.0,0.016,0.009,0.0,0.0,1.0,0.981,0.981,0.981,0.196,1.0,1.0,0.462,0.584,0.57,24.267,0x00000101,192.168.0.40,8080,255.255.255.0,192.168.0.1,0xFFFFFFFF,0xFFFFFFFF,0xFFFFFFFF,0x00000000,
0.326174974442,0x00000000,0x00000000,0x00000000,0x00000000,0x00000000,0x00000000,0x00000000,0x00000000,17.42,3,0x00000000,96.094,97.255,0.004,-0.065,-0.012,-0.051,-0.055,-3.588,-0.078,-1.184,0.372,-0.677,0x00000003,0.0,0.0,-0.006,0.0,0.001,-0.001,0.001,0.0,0.0,0.001,0.001,0.0,0.0,0.001,-1.043,0.547,0.0,0.0,-1.043,34.991,34.991,0.0,0.0,0.0,96.484,96.094,0.0,0.0,26.375,26.25,0.0,0.0,0.0,0.0,90.0,76.711,0.109,27.438,0x00000000,0x00000000,0x00000000,0.0,1246,1279,3.748,4.135,0.0,0.0,0.016,0.009,0.0,0.0,1.0,0.981,0.981,0.981,0.196,1.0,1.0,0.462,0.584,0.57,24.267,0x00000101,192.168.0.40,8080,255.255.255.0,192.168.0.1,0xFFFFFFFF,0xFFFFFFFF,0xFFFFFFFF,0x00000000,
1.12749385834,0x00000000,0x00000000,0x00000000,0x00000000,0x00000000,0x00000000,0x00000000,0x00000000,18.22,3,0x00000000,96.094,97.255,0.003,-0.065,-0.019,-0.017,-0.006,-3.57,-0.333,-1.044,-0.092,-1.334,0x00000003,0.0,0.0,-0.004,0.0,0.001,-0.0,0.0,0.0,0.0,0.001,0.001,0.0,0.0,0.001,-0.852,0.61,0.0,0.0,-0.852,34.991,34.991,0.0,0.0,0.0,96.484,96.094,0.0,0.0,26.375,26.25,0.0,0.0,0.0,0.0,90.0,76.719,0.109,27.438,0x00000000,0x00000000,0x00000000,0.0,1246,1279,8.162,4.762,0.0,0.0,0.017,0.01,0.0,0.0,1.0,0.981,0.981,0.981,0.196,1.0,1.0,0.462,0.584,0.57,24.267,0x00000101,192.168.0.40,8080,255.255.255.0,192.168.0.1,0xFFFFFFFF,0xFFFFFFFF,0xFFFFFFFF,0x00000000,
1.17752695084,0x00000000,0x00000000,0x00000000,0x00000000,0x00000000,0x00000000,0x00000000,0x00000000,18.27,3,0x00000000,96.094,97.255,0.004,-0.064,-0.019,-0.022,0.036,-3.573,0.225,-1.023,0.493,0.393,0x00000003,0.0,0.0,0.001,-0.0,0.001,-0.001,0.001,0.0,0.0,0.001,0.001,0.0,0.0,0.001,-0.42,0.496,0.0,0.0,0.496,34.991,34.991,0.0,0.0,0.0,96.484,96.094,0.0,0.0,26.375,26.25,0.0,0.0,0.0,0.0,90.0,76.719,0.109,27.438,0x00000000,0x00000000,0x00000000,0.0,1246,1279,8.207,8.066,0.0,0.0,0.017,0.01,0.0,0.0,1.0,0.981,0.981,0.981,0.196,1.0,1.0,0.462,0.584,0.57,24.267,0x00000101,192.168.0.40,8080,255.255.255.0,192.168.0.1,0xFFFFFFFF,0xFFFFFFFF,0xFFFFFFFF,0x00000000,
1.2276058197,0x00000000,0x00000000,0x00000000,0x00000000,0x00000000,0x00000000,0x00000000,0x00000000,18.32,3,0x00000000,96.094,97.255,0.003,-0.065,-0.011,-0.017,-0.055,-3.566,0.906,-1.008,-0.118,-1.695,0x00000003,0.0,0.0,0.001,-0.0,0.001,-0.0,-0.0,0.0,0.0,0.001,0.001,0.0,0.0,0.001,0.178,-0.483,0.0,0.0,-0.483,34.991,34.991,0.0,0.0,0.0,96.484,96.094,0.0,0.0,26.375,26.25,0.0,0.0,0.0,0.0,90.0,76.719,0.109,27.438,0x00000000,0x00000000,0x00000000,0.0,1246,1279,5.028,3.955,0.0,0.0,0.018,0.01,0.0,0.0,1.0,0.981,0.981,0.981,0.196,1.0,1.0,0.462,0.584,0.57,24.267,0x00000101,192.168.0.40,8080,255.255.255.0,192.168.0.1,0xFFFFFFFF,0xFFFFFFFF,0xFFFFFFFF,0x00000000,
1.27767682076,0x00000000,0x00000000,0x00000000,0x00000000,0x00000000,0x00000000,0x00000000,0x00000000,18.37,3,0x00000000,96.094,97.255,0.004,-0.064,-0.003,-0.017,-0.031,-3.571,0.245,-0.99,-0.143,-2.38,0x00000003,0.0,0.0,0.002,-0.0,0.001,-0.0,0.0,0.0,0.0,0.001,0.001,0.0,0.0,0.001,-0.839,0.496,0.0,0.0,-0.839,34.991,34.991,0.0,0.0,0.0,96.484,96.094,0.0,0.0,26.375,26.25,0.0,0.0,0.0,0.0,90.0,76.719,0.109,27.438,0x00000000,0x00000000,0x00000000,0.0,1246,1279,2.158,3.207,0.0,0.0,0.018,0.01,0.0,0.0,1.0,0.981,0.981,0.981,0.196,1.0,1.0,0.462,0.584,0.57,24.267,0x00000101,192.168.0.40,8080,255.255.255.0,192.168.0.1,0xFFFFFFFF,0xFFFFFFFF,0xFFFFFFFF,0x00000000,
1.32775998116,0x00000000,0x00000000,0x00000000,0x00000000,0x00000000,0x00000000,0x00000000,0x00000000,18.42,3,0x00000000,96.094,97.255,0.003,-0.064,-0.02,-0.008,0.006,-3.555,0.52,-0.985,0.746,0.396,0x00000003,0.0,0.0,0.001,-0.0,0.001,-0.001,0.001,0.0,0.0,0.001,0.001,0.0,0.0,0.001,-1.043,0.61,0.0,0.0,-1.043,34.991,34.991,0.0,0.0,0.0,96.484,96.094,0.0,0.0,26.375,26.25,0.0,0.0,0.0,0.0,90.0,76.719,0.109,27.438,0x00000000,0x00000000,0x00000000,0.0,1246,1279,3.141,4.699,0.0,0.0,0.018,0.01,0.0,0.0,1.0,0.981,0.981,0.981,0.196,1.0,1.0,0.462,0.584,0.57,24.267,0x00000101,192.168.0.40,8080,255.255.255.0,192.168.0.1,0xFFFFFFFF,0xFFFFFFFF,0xFFFFFFFF,0x00000000,
2.1290500164,0x00000000,0x00000000,0x00000000,0x00000000,0x00000000,0x00000000,0x00000000,0x00000000,19.22,3,0x00000000,96.094,97.255,0.004,-0.066,-0.006,-0.03,0.006,-3.575,-0.575,-0.859,1.122,1.472,0x00000003,0.0,0.0,0.002,-0.0,0.002,-0.001,0.0,0.0,0.0,0.001,0.001,0.0,0.0,0.001,-0.839,0.496,0.0,0.0,-0.839,34.991,34.991,0.0,0.0,0.0,96.484,96.094,0.0,0.0,26.375,26.25,0.0,0.0,0.0,0.0,90.0,76.719,0.109,27.438,0x00000000,0x00000000,0x00000000,0.0,1246,1279,9.133,3.881,0.0,0.0,0.019,0.011,0.0,0.0,1.0,0.981,0.981,0.981,0.196,1.0,1.0,0.462,0.584,0.57,24.267,0x00000101,192.168.0.40,8080,255.255.255.0,192.168.0.1,0xFFFFFFFF,0xFFFFFFFF,0xFFFFFFFF,0x00000000,
2.17911481857,0x00000000,0x00000000,0x00000000,0x00000000,0x00000000,0x00000000,0x00000000,0x00000000,19.27,3,0x00000000,96.094,97.255,0.003,-0.064,-0.013,-0.004,-0.043,-3.569,0.442,-0.848,-0.184,0.435,0x00000003,0.0,0.0,0.006,-0.0,0.002,-0.001,0.001,0.0,0.0,0.001,0.001,0.0,0.0,0.001,-0.941,0.61,0.0,0.0,-0.941,34.991,34.991,0.0,0.0,0.0,96.484,96.094,0.0,0.0,26.375,26.25,0.0,0.0,0.0,0.0,90.0,76.719,0.109,27.438,0x00000000,0x00000000,0x00000000,0.0,1246,1279,3.802,0.8,0.0,0.0,0.019,0.011,0.0,0.0,1.0,0.981,0.981,0.981,0.196,1.0,1.0,0.462,0.584,0.57,24.267,0x00000101,192.168.0.40,8080,255.255.255.0,192.168.0.1,0xFFFFFFFF,0xFFFFFFFF,0xFFFFFFFF,0x00000000,
2.22919201851,0x00000000,0x00000000,0x00000000,0x00000000,0x00000000,0x00000000,0x00000000,0x00000000,19.32,3,0x00000000,96.094,97.255,0.004,-0.065,-0.017,-0.013,-0.006,-3.565,-0.209,-0.824,-0.438,0.095,0x00000003,0.0,0.0,0.005,-0.0,0.002,-0.0,0.0,0.0,0.0,0.001,0.001,0.0,0.0,0.001,-0.941,0.496,0.0,0.0,-0.941,34.991,34.991,0.0,0.0,0.0,96.484,96.094,0.0,0.0,26.375,26.25,0.0,0.0,0.0,0.0,90.0,76.719,0.109,27.438,0x00000000,0x00000000,0x00000000,0.0,1246,1279,7.658,3.962,0.0,0.0,0.019,0.011,0.0,0.0,1.0,0.981,0.981,0.981,0.196,1.0,1.0,0.462,0.584,0.57,24.267,0x00000101,192.168.0.40,8080,255.255.255.0,192.168.0.1,0xFFFFFFFF,0xFFFFFFFF,0xFFFFFFFF,0x00000000,
2.27928185463,0x00000000,0x00000000,0x00000000,0x00000000,0x00000000,0x00000000,0x00000000,0x00000000,19.37,3,0x00000000,96.094,97.255,0.004,-0.065,-0.018,-0.034,-0.031,-3.556,0.045,-0.814,-0.17,0.434,0x00000003,0.0,0.0,-0.0,-0.0,0.002,-0.001,-0.0,0.0,0.0,0.001,0.001,0.0,0.0,0.001,-0.941,0.496,0.0,0.0,-0.941,34.991,34.991,0.0,0.0,0.0,96.484,96.094,0.0,0.0,26.375,26.25,0.0,0.0,0.0,0.0,90.0,76.711,0.109,27.5,0x00000000,0x00000000,0x00000000,0.0,1246,1279,4.329,3.919,0.0,0.0,0.019,0.011,0.0,0.0,1.0,0.981,0.981,0.981,0.196,1.0,1.0,0.462,0.584,0.57,24.267,0x00000101,192.168.0.40,8080,255.255.255.0,192.168.0.1,0xFFFFFFFF,0xFFFFFFFF,0xFFFFFFFF,0x00000000,
2.32934880257,0x00000000,0x00000000,0x00000000,0x00000000,0x00000000,0x00000000,0x00000000,0x00000000,19.42,3,0x00000000,96.094,97.255,0.003,-0.065,-0.004,-0.026,-0.018,-3.553,-0.099,-0.81,-0.695,-0.263,0x00000003,0.0,0.0,-0.002,-0.0,0.001,-0.001,-0.0,0.0,0.0,0.001,0.001,0.0,0.0,0.001,-0.826,0.61,0.0,0.0,-0.826,34.991,34.991,0.0,0.0,0.0,96.484,96.094,0.0,0.0,26.375,26.25,0.0,0.0,0.0,0.0,90.0,76.711,0.109,27.5,0x00000000,0x00000000,0x00000000,0.0,1246,1279,8.044,3.025,0.0,0.0,0.019,0.011,0.0,0.0,1.0,0.981,0.981,0.981,0.196,1.0,1.0,0.462,0.584,0.57,24.267,0x00000101,192.168.0.40,8080,255.255.255.0,192.168.0.1,0xFFFFFFFF,0xFFFFFFFF,0xFFFFFFFF,0x00000000,
3.13065290451,0x00000000,0x00000000,0x00000000,0x00000000,0x00000000,0x00000000,0x00000000,0x00000000,20.22,3,0x00000000,96.094,97.255,0.003,-0.064,-0.014,-0.021,-0.018,-3.516,0.013,-0.66,-1.146,-0.221,0x00000003,0.0,0.0,-0.002,0.001,0.002,-0.0,0.001,0.0,0.0,0.001,0.001,0.0,0.0,0.001,-0.928,0.61,0.0,0.0,-0.928,34.991,34.991,0.0,0.0,0.0,96.484,96.094,0.0,0.0,26.375,26.25,0.0,0.0,0.0,0.0,90.0,76.711,0.109,27.5,0x00000000,0x00000000,0x00000000,0.0,1246,1279,5.717,1.626,0.0,0.0,0.021,0.012,0.0,0.0,1.0,0.981,0.981,0.981,0.196,1.0,1.0,0.462,0.584,0.57,24.267,0x00000101,192.168.0.40,8080,255.255.255.0,192.168.0.1,0xFFFFFFFF,0xFFFFFFFF,0xFFFFFFFF,0x00000000,
3.18071198463,0x00000000,0x00000000,0x00000000,0x00000000,0x00000000,0x00000000,0x00000000,0x00000000,20.27,3,0x00000000,96.094,97.255,0.005,-0.065,-0.022,-0.021,-0.031,-3.516,0.513,-0.639,-0.0,-1.962,0x00000003,0.0,0.0,-0.007,0.0,0.001,-0.0,0.0,0.0,0.0,0.001,0.001,0.0,0.0,0.001,-0.013,1.844,0.0,0.0,1.844,34.991,34.991,0.0,0.0,0.0,96.484,96.094,0.0,0.0,26.375,26.25,0.0,0.0,0.0,0.0,90.0,76.711,0.109,27.5,0x00000000,0x00000000,0x00000000,0.0,1246,1279,6.917,1.889,0.0,0.0,0.021,0.012,0.0,0.0,1.0,0.981,0.981,0.981,0.196,1.0,1.0,0.462,0.584,0.57,24.267,0x00000101,192.168.0.40,8080,255.255.255.0,192.168.0.1,0xFFFFFFFF,0xFFFFFFFF,0xFFFFFFFF,0x00000000,
3.23077297211,0x00000000,0x00000000,0x00000000,0x00000000,0x00000000,0x00000000,0x00000000,0x00000000,20.32,3,0x00000000,96.094,97.255,0.004,-0.065,-0.02,-0.021,-0.019,-3.527,-0.307,-0.625,-0.127,0.129,0x00000003,0.0,0.0,-0.003,0.0,0.001,-0.0,0.0,0.0,0.0,0.001,0.001,0.0,0.0,0.001,-1.462,0.915,0.0,0.0,-1.462,34.991,34.991,0.0,0.0,0.0,96.484,96.094,0.0,0.0,26.375,26.25,0.0,0.0,0.0,0.0,90.0,76.711,0.109,27.5,0x00000000,0x00000000,0x00000000,0.0,1246,1279,6.373,3.455,0.0,0.0,0.021,0.012,0.0,0.0,1.0,0.981,0.981,0.981,0.196,1.0,1.0,0.462,0.584,0.57,24.267,0x00000101,192.168.0.40,8080,255.255.255.0,192.168.0.1,0xFFFFFFFF,0xFFFFFFFF,0xFFFFFFFF,0x00000000,
3.28085803986,0x00000000,0x00000000,0x00000000,0x00000000,0x00000000,0x00000000,0x00000000,0x00000000,20.37,3,0x00000000,96.094,97.255,0.004,-0.064,-0.009,-0.026,-0.012,-3.533,0.394,-0.628,-0.205,-1.265,0x00000003,0.0,0.0,-0.003,0.0,0.001,-0.001,0.001,0.0,0.0,0.001,0.001,0.0,0.0,0.001,-0.941,0.496,0.0,0.0,-0.941,34.991,34.991,0.0,0.0,0.0,96.484,96.094,0.0,0.0,26.375,26.25,0.0,0.0,0.0,0.0,90.0,76.711,0.109,27.5,0x00000000,0x00000000,0x00000000,0.0,1246,1279,4.592,3.68,0.0,0.0,0.021,0.012,0.0,0.0,1.0,0.981,0.981,0.981,0.196,1.0,1.0,0.462,0.584,0.57,24.267,0x00000101,192.168.0.40,8080,255.255.255.0,192.168.0.1,0xFFFFFFFF,0xFFFFFFFF,0xFFFFFFFF,0x00000000,
3.33094286919,0x00000000,0x00000000,0x00000000,0x00000000,0x00000000,0x00000000,0x00000000,0x00000000,20.42,3,0x00000000,96.094,97.255,0.004,-0.065,-0.017,-0.004,-0.043,-3.529,0.157,-0.617,0.103,-0.221,0x00000003,0.0,0.0,-0.001,0.0,0.001,-0.0,0.0,0.0,0.0,0.001,0.001,0.0,0.0,0.001,-0.839,0.496,0.0,0.0,-0.839,34.991,34.991,0.0,0.0,0.0,96.484,96.094,0.0,0.0,26.375,26.25,0.0,0.0,0.0,0.0,90.0,76.711,0.109,27.438,0x00000000,0x00000000,0x00000000,0.0,1246,1279,6.948,4.719,0.0,0.0,0.021,0.012,0.0,0.0,1.0,0.981,0.981,0.981,0.196,1.0,1.0,0.462,0.584,0.57,24.267,0x00000101,192.168.0.40,8080,255.255.255.0,192.168.0.1,0xFFFFFFFF,0xFFFFFFFF,0xFFFFFFFF,0x00000000,
4.13225984573,0x00000000,0x00000000,0x00000000,0x00000000,0x00000000,0x00000000,0x00000000,0x00000000,21.22,3,0x00000000,96.094,97.255,0.004,-0.065,-0.006,-0.034,-0.024,-3.556,-0.16,-0.404,-1.384,-0.877,0x00000003,0.0,0.0,0.012,0.0,0.001,-0.0,0.001,0.0,0.0,0.001,0.001,0.0,0.0,0.001,-0.928,0.496,0.0,0.0,-0.928,34.991,34.991,0.0,0.0,0.0,96.484,96.094,0.0,0.0,26.375,26.25,0.0,0.0,0.0,0.0,90.0,76.711,0.109,27.5,0x00000000,0x00000000,0x00000000,0.0,1246,1279,8.843,3.585,0.0,0.0,0.023,0.013,0.0,0.0,1.0,0.981,0.981,0.981,0.196,1.0,1.0,0.462,0.584,0.57,24.267,0x00000101,192.168.0.40,8080,255.255.255.0,192.168.0.1,0xFFFFFFFF,0xFFFFFFFF,0xFFFFFFFF,0x00000000,
4.18230700493,0x00000000,0x00000000,0x00000000,0x00000000,0x00000000,0x00000000,0x00000000,0x00000000,21.27,3,0x00000000,96.094,97.255,0.004,-0.065,0.006,-0.013,-0.018,-3.556,0.164,-0.417,0.118,-0.528,0x00000003,0.0,0.0,-0.002,0.0,0.001,-0.0,0.0,0.0,0.0,0.001,0.001,0.0,0.0,0.001,-0.941,0.61,0.0,0.0,-0.941,34.991,34.991,0.0,0.0,0.0,96.484,96.094,0.0,0.0,26.375,26.25,0.0,0.0,0.0,0.0,90.0,76.711,0.109,27.5,0x00000000,0x00000000,0x00000000,0.0,1246,1279,9.157,3.756,0.0,0.0,0.023,0.013,0.0,0.0,1.0,0.981,0.981,0.981,0.196,1.0,1.0,0.462,0.584,0.57,24.267,0x00000101,192.168.0.40,8080,255.255.255.0,192.168.0.1,0xFFFFFFFF,0xFFFFFFFF,0xFFFFFFFF,0x00000000,
4.23237395287,0x00000000,0x00000000,0x00000000,0x00000000,0x00000000,0x00000000,0x00000000,0x00000000,21.32,3,0x00000000,96.094,97.255,0.003,-0.064,-0.015,-0.012,-0.025,-3.551,-0.343,-0.404,-0.082,0.162,0x00000003,0.0,0.0,-0.002,0.0,0.0,-0.0,0.0,0.0,0.0,0.001,0.001,0.0,0.0,0.001,-0.826,0.61,0.0,0.0,-0.826,34.991,34.991,0.0,0.0,0.0,96.484,96.094,0.0,0.0,26.375,26.25,0.0,0.0,0.0,0.0,90.0,76.711,0.109,27.5,0x00000000,0x00000000,0x00000000,0.0,1246,1279,3.133,2.868,0.0,0.0,0.023,0.013,0.0,0.0,1.0,0.981,0.981,0.981,0.196,1.0,1.0,0.462,0.584,0.57,24.267,0x00000101,192.168.0.40,8080,255.255.255.0,192.168.0.1,0xFFFFFFFF,0xFFFFFFFF,0xFFFFFFFF,0x00000000,
4.28245687485,0x00000000,0x00000000,0x00000000,0x00000000,0x00000000,0x00000000,0x00000000,0x00000000,21.37,3,0x00000000,96.094,97.255,0.004,-0.064,-0.024,-0.008,0.018,-3.548,0.755,-0.384,0.135,-0.182,0x00000003,0.0,0.0,-0.001,0.0,0.001,-0.0,0.001,0.0,0.0,0.001,0.001,0.0,0.0,0.001,-1.017,0.725,0.0,0.0,-1.017,34.991,34.991,0.0,0.0,0.0,96.484,96.094,0.0,0.0,26.375,26.25,0.0,0.0,0.0,0.0,90.0,76.711,0.109,27.5,0x00000000,0x00000000,0x00000000,0.0,1246,1279,7.32,3.509,0.0,0.0,0.023,0.013,0.0,0.0,1.0,0.981,0.981,0.981,0.196,1.0,1.0,0.462,0.584,0.57,24.267,0x00000101,192.168.0.40,8080,255.255.255.0,192.168.0.1,0xFFFFFFFF,0xFFFFFFFF,0xFFFFFFFF,0x00000000,
4.33253502846,0x00000000,0x00000000,0x00000000,0x00000000,0x00000000,0x00000000,0x00000000,0x00000000,21.42,3,0x00000000,96.094,97.255,0.003,-0.065,-0.016,-0.013,-0.0,-3.564,-0.264,-0.358,-0.099,-0.179,0x00000003,0.0,0.0,-0.003,0.0,0.001,-0.0,0.0,0.0,0.0,0.001,0.001,0.0,0.0,0.001,-0.839,0.61,0.0,0.0,-0.839,34.991,34.991,0.0,0.0,0.0,96.484,96.094,0.0,0.0,26.375,26.25,0.0,0.0,0.0,0.0,90.0,76.711,0.109,27.438,0x00000000,0x00000000,0x00000000,0.0,1246,1279,4.636,0.967,0.0,0.0,0.023,0.013,0.0,0.0,1.0,0.981,0.981,0.981,0.196,1.0,1.0,0.462,0.584,0.57,24.267,0x00000101,192.168.0.40,8080,255.255.255.0,192.168.0.1,0xFFFFFFFF,0xFFFFFFFF,0xFFFFFFFF,0x00000000,
5.12382483482,0x00000000,0x00000000,0x00000000,0x00000000,0x00000000,0x00000000,0x00000000,0x00000000,22.21,3,0x00000000,96.094,97.255,0.004,-0.065,-0.007,-0.024,-0.006,-3.648,0.281,-0.265,-0.384,-1.2,0x00000003,0.0,0.0,0.001,-0.0,0.001,-0.0,0.0,0.0,0.0,0.001,0.001,0.0,0.0,0.001,-0.839,0.381,0.0,0.0,-0.839,34.991,34.991,0.0,0.0,0.0,96.484,96.094,0.0,0.0,26.375,26.25,0.0,0.0,0.0,0.0,90.0,76.719,0.109,27.438,0x00000000,0x00000000,0x00000000,0.0,1246,1279,8.509,4.578,0.0,0.0,0.024,0.014,0.0,0.0,1.0,0.981,0.981,0.981,0.196,1.0,1.0,0.462,0.584,0.57,24.267,0x00000101,192.168.0.40,8080,255.255.255.0,192.168.0.1,0xFFFFFFFF,0xFFFFFFFF,0xFFFFFFFF,0x00000000,
5.17387390137,0x00000000,0x00000000,0x00000000,0x00000000,0x00000000,0x00000000,0x00000000,0x00000000,22.26,3,0x00000000,96.094,97.255,0.003,-0.064,-0.018,-0.021,-0.022,-3.633,0.226,-0.27,-0.219,-0.505,0x00000003,0.0,0.0,0.003,-0.0,0.0,-0.0,0.0,0.0,0.0,0.001,0.001,0.0,0.0,0.001,0.28,-0.954,0.0,0.0,-0.954,34.991,34.991,0.0,0.0,0.0,96.484,96.094,0.0,0.0,26.375,26.25,0.0,0.0,0.0,0.0,90.0,76.719,0.109,27.438,0x00000000,0x00000000,0x00000000,0.0,1246,1279,2.309,4.592,0.0,0.0,0.024,0.014,0.0,0.0,1.0,0.981,0.981,0.981,0.196,1.0,1.0,0.462,0.584,0.57,24.267,0x00000101,192.168.0.40,8080,255.255.255.0,192.168.0.1,0xFFFFFFFF,0xFFFFFFFF,0xFFFFFFFF,0x00000000,
5.22395181656,0x00000000,0x00000000,0x00000000,0x00000000,0x00000000,0x00000000,0x00000000,0x00000000,22.31,3,0x00000000,96.094,97.255,0.004,-0.065,-0.009,-0.019,-0.025,-3.642,0.027,-0.28,-0.215,-0.507,0x00000003,0.0,0.0,0.007,-0.0,0.001,-0.0,0.001,0.0,0.0,0.001,0.001,0.0,0.0,0.001,-0.025,-0.483,0.0,0.0,-0.483,34.991,34.991,0.0,0.0,0.0,96.484,96.094,0.0,0.0,26.375,26.25,0.0,0.0,0.0,0.0,90.0,76.719,0.109,27.438,0x00000000,0x00000000,0x00000000,0.0,1246,1279,6.85,4.816,0.0,0.0,0.024,0.014,0.0,0.0,1.0,0.981,0.981,0.981,0.196,1.0,1.0,0.462,0.584,0.57,24.267,0x00000101,192.168.0.40,8080,255.255.255.0,192.168.0.1,0xFFFFFFFF,0xFFFFFFFF,0xFFFFFFFF,0x00000000,
5.27407598495,0x00000000,0x00000000,0x00000000,0x00000000,0x00000000,0x00000000,0x00000000,0x00000000,22.36,3,0x00000000,96.094,97.255,0.004,-0.064,-0.018,-0.008,-0.019,-3.643,0.039,-0.276,0.404,-0.5,0x00000003,0.0,0.0,-0.006,-0.0,0.002,-0.001,0.0,0.0,0.0,0.001,0.001,0.0,0.0,0.001,-0.839,0.534,0.0,0.0,-0.839,34.991,34.991,0.0,0.0,0.0,96.484,96.094,0.0,0.0,26.375,26.25,0.0,0.0,0.0,0.0,90.0,76.719,0.109,27.438,0x00000000,0x00000000,0x00000000,0.0,1246,1279,9.073,4.451,0.0,0.0,0.024,0.014,0.0,0.0,1.0,0.981,0.981,0.981,0.196,1.0,1.0,0.462,0.584,0.57,24.267,0x00000101,192.168.0.40,8080,255.255.255.0,192.168.0.1,0xFFFFFFFF,0xFFFFFFFF,0xFFFFFFFF,0x00000000,
5.3241109848,0x00000000,0x00000000,0x00000000,0x00000000,0x00000000,0x00000000,0x00000000,0x00000000,22.41,3,0x00000000,96.094,97.255,0.002,-0.064,-0.015,-0.017,-0.018,-3.658,-0.625,-0.282,-0.844,-0.847,0x00000003,0.0,0.0,0.0,0.0,0.002,-0.0,0.0,0.0,0.0,0.001,0.001,0.0,0.0,0.001,-0.852,0.496,0.0,0.0,-0.852,34.991,34.991,0.0,0.0,0.0,96.484,96.094,0.0,0.0,26.375,26.25,0.0,0.0,0.0,0.0,90.0,76.719,0.109,27.438,0x00000000,0x00000000,0x00000000,0.0,1246,1279,9.516,4.428,0.0,0.0,0.025,0.014,0.0,0.0,1.0,0.981,0.981,0.981,0.196,1.0,1.0,0.462,0.584,0.57,24.267,0x00000101,192.168.0.40,8080,255.255.255.0,192.168.0.1,0xFFFFFFFF,0xFFFFFFFF,0xFFFFFFFF,0x00000000,
6.12543988228,0x00000000,0x00000000,0x00000000,0x00000000,0x00000000,0x00000000,0x00000000,0x00000000,23.21,3,0x00000000,96.094,97.255,0.001,-0.067,-0.0,-0.026,-0.006,-3.736,0.516,-0.183,0.422,-0.481,0x00000003,0.0,0.0,0.0,-0.0,0.001,-0.0,0.0,0.0,0.0,0.001,0.001,0.0,0.0,0.001,-0.826,0.61,0.0,0.0,-0.826,34.991,34.991,0.0,0.0,0.0,96.484,96.094,0.0,0.0,26.375,26.25,0.0,0.0,0.0,0.0,90.0,76.703,0.109,27.5,0x00000000,0x00000000,0x00000000,0.0,1246,1279,3.846,3.356,0.0,0.0,0.026,0.015,0.0,0.0,1.0,0.981,0.981,0.981,0.196,1.0,1.0,0.462,0.584,0.57,24.267,0x00000101,192.168.0.40,8080,255.255.255.0,192.168.0.1,0xFFFFFFFF,0xFFFFFFFF,0xFFFFFFFF,0x00000000,
6.17548298836,0x00000000,0x00000000,0x00000000,0x00000000,0x00000000,0x00000000,0x00000000,0x00000000,23.26,3,0x00000000,96.094,97.255,0.005,-0.066,0.013,-0.013,-0.03,-3.689,1.656,-0.172,-0.542,0.215,0x00000003,0.0,0.0,-0.005,-0.0,0.001,-0.001,0.0,0.0,0.0,0.001,0.001,0.0,0.0,0.001,-0.839,0.61,0.0,0.0,-0.839,34.991,34.991,0.0,0.0,0.0,96.484,96.094,0.0,0.0,26.375,26.25,0.0,0.0,0.0,0.0,90.0,76.703,0.109,27.5,0x00000000,0x00000000,0x00000000,0.0,1246,1279,9.286,3.53,0.0,0.0,0.026,0.015,0.0,0.0,1.0,0.981,0.981,0.981,0.196,1.0,1.0,0.462,0.584,0.57,24.267,0x00000101,192.168.0.40,8080,255.255.255.0,192.168.0.1,0xFFFFFFFF,0xFFFFFFFF,0xFFFFFFFF,0x00000000,
6.2255449295,0x00000000,0x00000000,0x00000000,0x00000000,0x00000000,0x00000000,0x00000000,0x00000000,23.31,3,0x00000000,96.094,97.255,0.009,-0.066,0.026,-0.013,-0.018,-3.614,1.865,-0.169,-0.3,0.229,0x00000003,0.0,0.0,0.001,-0.0,0.001,-0.001,0.001,0.0,0.0,0.001,0.001,0.0,0.0,0.001,-0.839,0.61,0.0,0.0,-0.839,34.991,34.991,0.0,0.0,0.0,96.484,96.094,0.0,0.0,26.375,26.25,0.0,0.0,0.0,0.0,90.0,76.703,0.109,27.5,0x00000000,0x00000000,0x00000000,0.0,1246,1279,3.815,4.727,0.0,0.0,0.026,0.015,0.0,0.0,1.0,0.981,0.981,0.981,0.196,1.0,1.0,0.462,0.584,0.57,24.267,0x00000101,192.168.0.40,8080,255.255.255.0,192.168.0.1,0xFFFFFFFF,0xFFFFFFFF,0xFFFFFFFF,0x00000000,
6.27562403679,0x00000000,0x00000000,0x00000000,0x00000000,0x00000000,0x00000000,0x00000000,0x00000000,23.36,3,0x00000000,96.094,97.255,0.005,-0.064,0.037,-0.039,0.006,-3.511,1.909,-0.163,-0.673,-2.204,0x00000003,0.0,0.0,-0.004,-0.0,0.002,-0.001,0.0,0.0,0.0,0.001,0.001,0.0,0.0,0.001,-0.737,0.61,0.0,0.0,-0.737,34.991,34.991,0.0,0.0,0.0,96.484,96.094,0.0,0.0,26.375,26.25,0.0,0.0,0.0,0.0,90.0,76.703,0.109,27.5,0x00000000,0x00000000,0x00000000,0.0,1246,1279,3.572,3.408,0.0,0.0,0.026,0.015,0.0,0.0,1.0,0.981,0.981,0.981,0.196,1.0,1.0,0.462,0.584,0.57,24.267,0x00000101,192.168.0.40,8080,255.255.255.0,192.168.0.1,0xFFFFFFFF,0xFFFFFFFF,0xFFFFFFFF,0x00000000,
6.32570385933,0x00000000,0x00000000,0x00000000,0x00000000,0x00000000,0x00000000,0x00000000,0x00000000,23.41,3,0x00000000,96.094,97.255,0.003,-0.063,0.052,-0.013,-0.018,-3.353,4.088,-0.176,-0.11,-0.468,0x00000003,0.0,0.0,0.005,-0.0,0.002,-0.001,0.001,0.0,0.0,0.001,0.001,0.0,0.0,0.001,-0.839,0.61,0.0,0.0,-0.839,34.991,34.991,0.0,0.0,0.0,96.484,96.094,0.0,0.0,26.375,26.25,0.0,0.0,0.0,0.0,90.0,76.703,0.109,27.5,0x00000000,0x00000000,0x00000000,0.0,1246,1279,8.247,4.722,0.0,0.0,0.026,0.015,0.0,0.0,1.0,0.981,0.981,0.981,0.196,1.0,1.0,0.462,0.584,0.57,24.267,0x00000101,192.168.0.40,8080,255.255.255.0,192.168.0.1,0xFFFFFFFF,0xFFFFFFFF,0xFFFFFFFF,0x00000000,
7.12707281113,0x00000000,0x00000000,0x00000000,0x00000000,0x00000000,0x00000000,0x00000000,0x00000000,24.21,3,0x00000000,96.094,97.255,0.002,-0.011,-0.02,-0.013,-0.0,-0.937,-0.51,-0.06,0.483,-0.115,0x00000003,0.0,0.0,0.003,-0.0,0.001,-0.0,0.0,0.0,0.0,0.001,0.001,0.0,0.0,0.001,-0.852,0.852,0.0,0.0,-0.852,34.991,34.991,0.0,0.0,0.0,96.484,96.094,0.0,0.0,26.375,26.25,0.0,0.0,0.0,0.0,90.0,76.711,0.109,27.5,0x00000000,0x00000000,0x00000000,0.0,1246,1279,8.485,3.39,0.0,0.0,0.028,0.016,0.0,0.0,1.0,0.981,0.981,0.981,0.196,1.0,1.0,0.462,0.584,0.57,24.267,0x00000101,192.168.0.40,8080,255.255.255.0,192.168.0.1,0xFFFFFFFF,0xFFFFFFFF,0xFFFFFFFF,0x00000000,
7.17706799507,0x00000000,0x00000000,0x00000000,0x00000000,0x00000000,0x00000000,0x00000000,0x00000000,24.26,3,0x00000000,96.094,97.255,-0.0,-0.011,-0.037,-0.025,-0.025,-0.953,-0.787,-0.03,-0.004,0.225,0x00000003,0.0,0.0,0.001,0.0,0.001,-0.0,0.0,0.0,0.0,0.001,0.001,0.0,0.0,0.001,-1.844,1.882,0.0,0.0,1.882,34.991,34.991,0.0,0.0,0.0,96.484,96.094,0.0,0.0,26.375,26.25,0.0,0.0,0.0,0.0,90.0,76.711,0.109,27.5,0x00000000,0x00000000,0x00000000,0.0,1246,1279,7.547,9.544,0.0,0.0,0.028,0.016,0.0,0.0,1.0,0.981,0.981,0.981,0.196,1.0,1.0,0.462,0.584,0.57,24.267,0x00000101,192.168.0.40,8080,255.255.255.0,192.168.0.1,0xFFFFFFFF,0xFFFFFFFF,0xFFFFFFFF,0x00000000,
7.22713685036,0x00000000,0x00000000,0x00000000,0x00000000,0x00000000,0x00000000,0x00000000,0x00000000,24.31,3,0x00000000,96.094,97.255,0.001,-0.013,-0.041,-0.008,-0.025,-1.017,-1.266,-0.021,0.502,0.919,0x00000003,0.0,0.0,0.002,-0.0,0.002,-0.001,0.001,0.0,0.0,0.001,0.001,0.0,0.0,0.001,-1.068,0.903,0.0,0.0,-1.068,34.991,34.991,0.0,0.0,0.0,96.484,96.094,0.0,0.0,26.375,26.25,0.0,0.0,0.0,0.0,90.0,76.711,0.109,27.5,0x00000000,0x00000000,0x00000000,0.0,1246,1279,7.832,4.806,0.0,0.0,0.028,0.016,0.0,0.0,1.0,0.981,0.981,0.981,0.196,1.0,1.0,0.462,0.584,0.57,24.267,0x00000101,192.168.0.40,8080,255.255.255.0,192.168.0.1,0xFFFFFFFF,0xFFFFFFFF,0xFFFFFFFF,0x00000000,
7.27722001076,0x00000000,0x00000000,0x00000000,0x00000000,0x00000000,0x00000000,0x00000000,0x00000000,24.36,3,0x00000000,96.094,97.255,0.004,-0.014,-0.046,-0.004,0.024,-1.091,-1.812,0.02,1.002,0.568,0x00000003,0.0,0.0,0.0,-0.0,0.002,-0.0,0.0,0.0,0.0,0.001,0.001,0.0,0.0,0.001,-0.852,0.61,0.0,0.0,-0.852,34.991,34.991,0.0,0.0,0.0,96.484,96.094,0.0,0.0,26.375,26.25,0.0,0.0,0.0,0.0,90.0,76.711,0.109,27.5,0x00000000,0x00000000,0x00000000,0.0,1246,1279,6.412,4.148,0.0,0.0,0.028,0.016,0.0,0.0,1.0,0.981,0.981,0.981,0.196,1.0,1.0,0.462,0.584,0.57,24.267,0x00000101,192.168.0.40,8080,255.255.255.0,192.168.0.1,0xFFFFFFFF,0xFFFFFFFF,0xFFFFFFFF,0x00000000,
7.32729792595,0x00000000,0x00000000,0x00000000,0x00000000,0x00000000,0x00000000,0x00000000,0x00000000,24.41,3,0x00000000,96.094,97.255,0.006,-0.016,-0.052,-0.021,-0.007,-1.178,-1.91,0.031,0.256,-0.129,0x00000003,0.0,0.0,0.002,-0.0,0.003,-0.001,0.0,0.0,0.0,0.001,0.001,0.0,0.0,0.001,-0.75,0.725,0.0,0.0,-0.75,34.991,34.991,0.0,0.0,0.0,96.484,96.094,0.0,0.0,26.375,26.25,0.0,0.0,0.0,0.0,90.0,76.711,0.109,27.5,0x00000000,0x00000000,0x00000000,0.0,1246,1279,8.721,3.793,0.0,0.0,0.028,0.016,0.0,0.0,1.0,0.981,0.981,0.981,0.196,1.0,1.0,0.462,0.584,0.57,24.267,0x00000101,192.168.0.40,8080,255.255.255.0,192.168.0.1,0xFFFFFFFF,0xFFFFFFFF,0xFFFFFFFF,0x00000000,
8.1285970211,0x00000000,0x00000000,0x00000000,0x00000000,0x00000000,0x00000000,0x00000000,0x00000000,25.21,3,0x00000000,96.094,97.255,0.002,-0.053,-0.025,0.005,-0.031,-3.585,-1.135,-0.023,-0.686,0.942,0x00000003,0.0,0.0,-0.002,-0.0,0.002,-0.001,0.0,0.0,0.0,0.001,0.001,0.0,0.0,0.001,-0.636,1.081,0.0,0.0,1.081,34.991,34.991,0.0,0.0,0.0,96.484,96.094,0.0,0.0,26.375,26.25,0.0,0.0,0.0,0.0,90.0,76.711,0.109,27.5,0x00000000,0x00000000,0x00000000,0.0,1246,1279,3.633,4.657,0.0,0.0,0.029,0.017,0.0,0.0,1.0,0.981,0.981,0.981,0.196,1.0,1.0,0.462,0.584,0.57,24.267,0x00000101,192.168.0.40,8080,255.255.255.0,192.168.0.1,0xFFFFFFFF,0xFFFFFFFF,0xFFFFFFFF,0x00000000,
8.1786608696,0x00000000,0x00000000,0x00000000,0x00000000,0x00000000,0x00000000,0x00000000,0x00000000,25.26,3,0x00000000,96.094,97.255,0.004,-0.058,-0.04,-0.038,-0.019,-3.642,-2.182,0.016,0.247,-0.457,0x00000003,0.0,0.0,0.002,-0.0,0.001,-0.0,0.0,0.0,0.0,0.001,0.001,0.0,0.0,0.001,-0.636,0.801,0.0,0.0,0.801,34.991,34.991,0.0,0.0,0.0,96.484,96.094,0.0,0.0,26.375,26.25,0.0,0.0,0.0,0.0,90.0,76.711,0.109,27.5,0x00000000,0x00000000,0x00000000,0.0,1246,1279,2.458,4.582,0.0,0.0,0.029,0.017,0.0,0.0,1.0,0.981,0.981,0.981,0.196,1.0,1.0,0.462,0.584,0.57,24.267,0x00000101,192.168.0.40,8080,255.255.255.0,192.168.0.1,0xFFFFFFFF,0xFFFFFFFF,0xFFFFFFFF,0x00000000,
8.22873401642,0x00000000,0x00000000,0x00000000,0x00000000,0x00000000,0x00000000,0x00000000,0x00000000,25.31,3,0x00000000,96.094,97.255,0.004,-0.059,-0.021,-0.008,-0.025,-3.727,-1.258,0.029,0.669,-1.482,0x00000003,0.0,0.0,0.005,0.0,0.001,-0.0,0.001,0.0,0.0,0.001,0.001,0.0,0.0,0.001,-0.776,0.915,0.0,0.0,0.915,34.991,34.991,0.0,0.0,0.0,96.484,96.094,0.0,0.0,26.375,26.25,0.0,0.0,0.0,0.0,90.0,76.711,0.109,27.5,0x00000000,0x00000000,0x00000000,0.0,1246,1279,8.865,4.125,0.0,0.0,0.029,0.017,0.0,0.0,1.0,0.981,0.981,0.981,0.196,1.0,1.0,0.462,0.584,0.57,24.267,0x00000101,192.168.0.40,8080,255.255.255.0,192.168.0.1,0xFFFFFFFF,0xFFFFFFFF,0xFFFFFFFF,0x00000000,
8.27882599831,0x00000000,0x00000000,0x00000000,0x00000000,0x00000000,0x00000000,0x00000000,0x00000000,25.36,3,0x00000000,96.094,97.255,0.004,-0.072,-0.005,-0.017,-0.037,-3.701,0.531,0.056,0.152,-1.467,0x00000003,0.0,0.0,-0.003,0.0,0.002,-0.001,0.001,0.0,0.0,0.001,0.001,0.0,0.0,0.001,-0.954,0.737,0.0,0.0,-0.954,34.991,34.991,0.0,0.0,0.0,96.484,96.094,0.0,0.0,26.375,26.25,0.0,0.0,0.0,0.0,90.0,76.711,0.109,27.5,0x00000000,0x00000000,0x00000000,0.0,1246,1279,1.058,7.998,0.0,0.0,0.029,0.017,0.0,0.0,1.0,0.981,0.981,0.981,0.196,1.0,1.0,0.462,0.584,0.57,24.267,0x00000101,192.168.0.40,8080,255.255.255.0,192.168.0.1,0xFFFFFFFF,0xFFFFFFFF,0xFFFFFFFF,0x00000000,
8.32888793945,0x00000000,0x00000000,0x00000000,0x00000000,0x00000000,0x00000000,0x00000000,0x00000000,25.41,3,0x00000000,96.094,97.255,0.003,-0.064,-0.016,-0.025,-0.018,-3.695,0.722,0.058,-0.46,0.968,0x00000003,0.0,0.0,-0.011,-0.0,0.003,-0.002,0.0,0.0,0.0,0.001,0.001,0.0,0.0,0.001,0.28,1.92,0.0,0.0,1.92,34.991,34.991,0.0,0.0,0.0,96.484,96.094,0.0,0.0,26.375,26.25,0.0,0.0,0.0,0.0,90.0,76.711,0.109,27.5,0x00000000,0x00000000,0x00000000,0.0,1246,1279,8.805,4.905,0.0,0.0,0.03,0.017,0.0,0.0,1.0,0.981,0.981,0.981,0.196,1.0,1.0,0.462,0.584,0.57,24.267,0x00000101,192.168.0.40,8080,255.255.255.0,192.168.0.1,0xFFFFFFFF,0xFFFFFFFF,0xFFFFFFFF,0x00000000,
9.13022184372,0x00000000,0x00000000,0x00000000,0x00000000,0x00000000,0x00000000,0x00000000,0x00000000,26.21,3,0x00000000,96.094,97.255,0.004,-0.064,-0.007,-0.017,-0.018,-3.677,-0.249,0.076,0.211,-0.772,0x00000003,0.0,0.0,0.004,-0.0,0.002,-0.001,0.001,0.0,0.0,0.001,0.001,0.0,0.0,0.001,-0.75,0.801,0.0,0.0,0.801,34.991,34.991,0.0,0.0,0.0,96.484,96.094,0.0,0.0,26.375,26.25,0.0,0.0,0.0,0.0,90.0,76.711,0.109,27.5,0x00000000,0x00000000,0x00000000,0.0,1246,1279,8.609,4.764,0.0,0.0,0.031,0.018,0.0,0.0,1.0,0.981,0.981,0.981,0.196,1.0,1.0,0.462,0.584,0.57,24.267,0x00000101,192.168.0.40,8080,255.255.255.0,192.168.0.1,0xFFFFFFFF,0xFFFFFFFF,0xFFFFFFFF,0x00000000,
9.18025302887,0x00000000,0x00000000,0x00000000,0x00000000,0x00000000,0x00000000,0x00000000,0x00000000,26.26,3,0x00000000,96.094,97.255,0.002,-0.063,-0.013,-0.012,-0.043,-3.676,-0.074,0.086,0.474,-0.416,0x00000003,0.0,0.0,-0.008,-0.0,0.002,-0.001,0.0,0.0,0.0,0.001,0.001,0.0,0.0,0.001,-0.75,0.801,0.0,0.0,0.801,34.991,34.991,0.0,0.0,0.0,96.484,96.094,0.0,0.0,26.375,26.25,0.0,0.0,0.0,0.0,90.0,76.711,0.109,27.5,0x00000000,0x00000000,0x00000000,0.0,1246,1279,8.469,5.528,0.0,0.0,0.031,0.018,0.0,0.0,1.0,0.981,0.981,0.981,0.196,1.0,1.0,0.462,0.584,0.57,24.267,0x00000101,192.168.0.40,8080,255.255.255.0,192.168.0.1,0xFFFFFFFF,0xFFFFFFFF,0xFFFFFFFF,0x00000000,
9.23032283783,0x00000000,0x00000000,0x00000000,0x00000000,0x00000000,0x00000000,0x00000000,0x00000000,26.31,3,0x00000000,96.094,97.255,0.005,-0.063,-0.021,-0.017,-0.019,-3.668,0.161,0.103,-0.557,-1.11,0x00000003,0.0,0.0,-0.0,-0.0,0.002,-0.002,0.001,0.0,0.0,0.001,0.001,0.0,0.0,0.001,-0.865,0.801,0.0,0.0,-0.865,34.991,34.991,0.0,0.0,0.0,96.484,96.094,0.0,0.0,26.375,26.25,0.0,0.0,0.0,0.0,90.0,76.711,0.109,27.5,0x00000000,0x00000000,0x00000000,0.0,1246,1279,2.744,1.946,0.0,0.0,0.031,0.018,0.0,0.0,1.0,0.981,0.981,0.981,0.196,1.0,1.0,0.462,0.584,0.57,24.267,0x00000101,192.168.0.40,8080,255.255.255.0,192.168.0.1,0xFFFFFFFF,0xFFFFFFFF,0xFFFFFFFF,0x00000000,
9.28040289879,0x00000000,0x00000000,0x00000000,0x00000000,0x00000000,0x00000000,0x00000000,0x00000000,26.36,3,0x00000000,96.094,97.255,0.003,-0.063,-0.017,-0.012,-0.031,-3.67,0.098,0.127,0.243,-0.061,0x00000003,0.0,0.0,-0.013,-0.001,0.003,-0.003,0.0,0.0,0.0,0.001,0.001,0.0,0.0,0.001,-0.75,0.737,0.0,0.0,-0.75,34.991,34.991,0.0,0.0,0.0,96.484,96.094,0.0,0.0,26.375,26.25,0.0,0.0,0.0,0.0,90.0,76.711,0.109,27.5,0x00000000,0x00000000,0x00000000,0.0,1246,1279,1.746,3.458,0.0,0.0,0.031,0.018,0.0,0.0,1.0,0.981,0.981,0.981,0.196,1.0,1.0,0.462,0.584,0.57,24.267,0x00000101,192.168.0.40,8080,255.255.255.0,192.168.0.1,0xFFFFFFFF,0xFFFFFFFF,0xFFFFFFFF,0x00000000,
9.33048391342,0x00000000,0x00000000,0x00000000,0x00000000,0x00000000,0x00000000,0x00000000,0x00000000,26.41,3,0x00000000,96.094,97.255,0.004,-0.063,-0.019,-0.017,-0.018,-3.671,0.358,0.142,-0.56,-1.102,0x00000003,0.0,0.0,0.006,-0.0,0.003,-0.0,0.0,0.0,0.0,0.001,0.001,0.0,0.0,0.001,-0.852,0.801,0.0,0.0,-0.852,34.991,34.991,0.0,0.0,0.0,96.484,96.094,0.0,0.0,26.375,26.25,0.0,0.0,0.0,0.0,90.0,76.711,0.109,27.5,0x00000000,0x00000000,0x00000000,0.0,1246,1279,5.201,1.969,0.0,0.0,0.031,0.018,0.0,0.0,1.0,0.981,0.981,0.981,0.196,1.0,1.0,0.462,0.584,0.57,24.267,0x00000101,192.168.0.40,8080,255.255.255.0,192.168.0.1,0xFFFFFFFF,0xFFFFFFFF,0xFFFFFFFF,0x00000000,
10.1317980289,0x00000000,0x00000000,0x00000000,0x00000000,0x00000000,0x00000000,0x00000000,0x00000000,27.21,3,0x00000000,96.094,97.255,0.004,-0.063,-0.012,-0.004,-0.0,-3.636,0.506,0.162,0.755,0.308,0x00000003,0.0,0.0,-0.004,-0.0,0.001,-0.001,0.0,0.0,0.0,0.001,0.001,0.0,0.0,0.001,-0.776,0.687,0.0,0.0,-0.776,34.991,34.991,0.0,0.0,0.0,96.484,96.094,0.0,0.0,26.375,26.25,0.0,0.0,0.0,0.0,90.0,76.711,0.109,27.5,0x00000000,0x00000000,0x00000000,0.0,1246,1279,8.263,4.598,0.0,0.0,0.032,0.019,0.0,0.0,1.0,0.981,0.981,0.981,0.196,1.0,1.0,0.462,0.584,0.57,24.267,0x00000101,192.168.0.40,8080,255.255.255.0,192.168.0.1,0xFFFFFFFF,0xFFFFFFFF,0xFFFFFFFF,0x00000000,
10.1818490028,0x00000000,0x00000000,0x00000000,0x00000000,0x00000000,0x00000000,0x00000000,0x00000000,27.26,3,0x00000000,96.094,97.255,0.003,-0.064,-0.02,-0.017,-0.043,-3.623,0.66,0.175,0.218,-0.377,0x00000003,0.0,0.0,-0.01,-0.0,0.001,-0.001,0.0,0.0,0.0,0.001,0.001,0.0,0.0,0.001,-0.776,0.966,0.0,0.0,0.966,34.991,34.991,0.0,0.0,0.0,96.484,96.094,0.0,0.0,26.375,26.25,0.0,0.0,0.0,0.0,90.0,76.711,0.109,27.5,0x00000000,0x00000000,0x00000000,0.0,1246,1279,4.355,3.235,0.0,0.0,0.032,0.019,0.0,0.0,1.0,0.981,0.981,0.981,0.196,1.0,1.0,0.462,0.584,0.57,24.267,0x00000101,192.168.0.40,8080,255.255.255.0,192.168.0.1,0xFFFFFFFF,0xFFFFFFFF,0xFFFFFFFF,0x00000000,
10.2319178581,0x00000000,0x00000000,0x00000000,0x00000000,0x00000000,0x00000000,0x00000000,0x00000000,27.31,3,0x00000000,96.094,97.255,0.003,-0.064,-0.006,-0.013,0.006,-3.628,-0.142,0.158,-0.287,-0.728,0x00000003,0.0,0.0,0.003,-0.0,0.001,-0.0,0.0,0.0,0.0,0.001,0.001,0.0,0.0,0.001,-0.852,0.801,0.0,0.0,-0.852,34.991,34.991,0.0,0.0,0.0,96.484,96.094,0.0,0.0,26.375,26.25,0.0,0.0,0.0,0.0,90.0,76.711,0.109,27.5,0x00000000,0x00000000,0x00000000,0.0,1246,1279,6.935,2.139,0.0,0.0,0.032,0.019,0.0,0.0,1.0,0.981,0.981,0.981,0.196,1.0,1.0,0.462,0.584,0.57,24.267,0x00000101,192.168.0.40,8080,255.255.255.0,192.168.0.1,0xFFFFFFFF,0xFFFFFFFF,0xFFFFFFFF,0x00000000,
10.2819960117,0x00000000,0x00000000,0x00000000,0x00000000,0x00000000,0x00000000,0x00000000,0x00000000,27.36,3,0x00000000,96.094,97.255,0.004,-0.064,-0.011,-0.004,-0.037,-3.604,0.167,0.169,-0.058,-1.081,0x00000003,0.0,0.0,-0.004,-0.0,0.001,-0.001,0.0,0.0,0.0,0.001,0.001,0.0,0.0,0.001,-0.776,0.801,0.0,0.0,0.801,34.991,34.991,0.0,0.0,0.0,96.484,96.094,0.0,0.0,26.375,26.25,0.0,0.0,0.0,0.0,90.0,76.711,0.109,27.5,0x00000000,0x00000000,0x00000000,0.0,1246,1279,8.154,4.315,0.0,0.0,0.032,0.019,0.0,0.0,1.0,0.981,0.981,0.981,0.196,1.0,1.0,0.462,0.584,0.57,24.267,0x00000101,192.168.0.40,8080,255.255.255.0,192.168.0.1,0xFFFFFFFF,0xFFFFFFFF,0xFFFFFFFF,0x00000000,
10.33207798,0x00000000,0x00000000,0x00000000,0x00000000,0x00000000,0x00000000,0x00000000,0x00000000,27.41,3,0x00000000,96.094,97.255,0.004,-0.064,-0.008,0.001,-0.049,-3.609,-0.06,0.176,-0.247,-0.037,0x00000003,0.0,0.0,-0.004,-0.0,0.0,-0.0,-0.001,0.0,0.0,0.001,0.001,0.0,0.0,0.001,-0.776,0.966,0.0,0.0,0.966,34.991,34.991,0.0,0.0,0.0,96.484,96.094,0.0,0.0,26.375,26.25,0.0,0.0,0.0,0.0,90.0,76.711,0.109,27.5,0x00000000,0x00000000,0x00000000,0.0,1246,1279,7.178,4.746,0.0,0.0,0.033,0.019,0.0,0.0,1.0,0.981,0.981,0.981,0.196,1.0,1.0,0.462,0.584,0.57,24.267,0x00000101,192.168.0.40,8080,255.255.255.0,192.168.0.1,0xFFFFFFFF,0xFFFFFFFF,0xFFFFFFFF,0x00000000,
11.1833999157,0x00000000,0x00000000,0x00000000,0x00000000,0x00000000,0x00000000,0x00000000,0x00000000,28.26,3,0x00000000,96.094,97.255,-0.001,-0.03,0.09,-0.001,-0.021,-1.513,6.583,0.174,0.899,-0.131,0x00000003,0.0,0.0,-0.005,0.0,0.001,-0.001,0.0,0.0,0.0,0.001,0.001,0.0,0.0,0.001,-0.877,0.801,0.0,0.0,-0.877,34.991,34.991,0.0,0.0,0.0,96.484,96.094,0.0,0.0,26.375,26.25,0.0,0.0,0.0,0.0,90.0,76.703,0.109,27.5,0x00000000,0x00000000,0x00000000,0.0,1246,1279,9.509,3.621,0.0,0.0,0.034,0.02,0.0,0.0,1.0,0.981,0.981,0.981,0.196,1.0,1.0,0.462,0.584,0.57,24.267,0x00000101,192.168.0.40,8080,255.255.255.0,192.168.0.1,0xFFFFFFFF,0xFFFFFFFF,0xFFFFFFFF,0x00000000,
11.2335100174,0x00000000,0x00000000,0x00000000,0x00000000,0x00000000,0x00000000,0x00000000,0x00000000,28.31,3,0x00000000,96.094,97.255,0.005,-0.024,0.093,-0.018,-0.009,-1.212,6.162,0.191,0.289,0.217,0x00000003,0.0,0.0,-0.0,0.0,0.001,-0.0,0.0,0.0,0.0,0.001,0.001,0.0,0.0,0.001,-0.776,0.852,0.0,0.0,0.852,34.991,34.991,0.0,0.0,0.0,96.484,96.094,0.0,0.0,26.375,26.25,0.0,0.0,0.0,0.0,90.0,76.703,0.109,27.5,0x00000000,0x00000000,0x00000000,0.0,1246,1279,2.712,4.731,0.0,0.0,0.034,0.02,0.0,0.0,1.0,0.981,0.981,0.981,0.196,1.0,1.0,0.462,0.584,0.57,24.267,0x00000101,192.168.0.40,8080,255.255.255.0,192.168.0.1,0xFFFFFFFF,0xFFFFFFFF,0xFFFFFFFF,0x00000000,
11.2835428715,0x00000000,0x00000000,0x00000000,0x00000000,0x00000000,0x00000000,0x00000000,0x00000000,28.36,3,0x00000000,96.094,97.255,0.004,-0.018,0.098,-0.027,0.007,-0.892,7.021,0.191,-0.094,0.401,0x00000003,0.0,0.0,-0.0,0.0,0.001,-0.0,0.0,0.0,0.0,0.001,0.001,0.0,0.0,0.001,-0.75,0.801,0.0,0.0,0.801,34.991,34.991,0.0,0.0,0.0,96.484,96.094,0.0,0.0,26.375,26.25,0.0,0.0,0.0,0.0,90.0,76.703,0.109,27.5,0x00000000,0x00000000,0x00000000,0.0,1246,1279,1.743,2.954,0.0,0.0,0.034,0.021,0.0,0.0,1.0,0.981,0.981,0.981,0.196,1.0,1.0,0.462,0.584,0.57,24.267,0x00000101,192.168.0.40,8080,255.255.255.0,192.168.0.1,0xFFFFFFFF,0xFFFFFFFF,0xFFFFFFFF,0x00000000,
11.3336689472,0x00000000,0x00000000,0x00000000,0x00000000,0x00000000,0x00000000,0x00000000,0x00000000,28.41,3,0x00000000,96.094,97.255,0.004,-0.012,0.099,-0.027,-0.012,-0.57,6.499,0.176,-0.334,0.735,0x00000003,0.0,0.0,-0.007,-0.0,0.002,-0.002,0.0,0.0,0.0,0.001,0.001,0.0,0.0,0.001,-0.432,0.801,0.0,0.0,0.801,34.991,34.991,0.0,0.0,0.0,96.484,96.094,0.0,0.0,26.375,26.25,0.0,0.0,0.0,0.0,90.0,76.703,0.109,27.5,0x00000000,0x00000000,0x00000000,0.0,1246,1279,9.202,0.647,0.0,0.0,0.035,0.021,0.0,0.0,1.0,0.981,0.981,0.981,0.196,1.0,1.0,0.462,0.584,0.57,24.267,0x00000101,192.168.0.40,8080,255.255.255.0,192.168.0.1,0xFFFFFFFF,0xFFFFFFFF,0xFFFFFFFF,0x00000000,
11.3837029934,0x00000000,0x00000000,0x00000000,0x00000000,0x00000000,0x00000000,0x00000000,0x00000000,28.46,5,0x00000000,96.094,97.255,0.004,-0.007,0.099,-0.014,-0.042,-0.252,5.81,0.156,-0.075,-1.004,0x00000003,0.03,0.029,0.011,0.0,0.002,0.001,0.001,0.0,0.0,0.001,0.001,0.0,0.0,0.001,-0.559,0.801,0.0,0.0,0.801,34.991,34.991,0.0,0.0,0.0,96.484,96.094,0.0,0.0,26.375,26.25,0.0,0.0,0.02,0.0,90.0,76.703,0.109,27.5,0x00000000,0x00000000,0x00000000,0.0,1246,1279,4.71,1.737,0.0,0.0,0.035,0.021,0.0,0.0,1.0,0.981,0.981,0.981,0.196,1.0,1.0,0.462,0.584,0.57,24.267,0x00000101,192.168.0.40,8080,255.255.255.0,192.168.0.1,0xFFFFFFFF,0xFFFFFFFF,0xFFFFFFFF,0x00000000,
12.1849980354,0x00000000,0x00000000,0x00000000,0x00000000,0x00000000,0x00000000,0x00000000,0x00000000,29.26,5,0x00000000,96.094,97.255,0.021,0.089,-1.165,-0.065,-0.087,7.089,-72.654,0.088,-1.401,-4.149,0x00000003,0.83,0.814,-0.87,0.757,-0.046,0.741,0.689,0.0,0.0,-0.024,-0.025,0.0,0.0,-0.025,-8.201,-5.925,0.0,0.0,-8.201,34.991,34.991,0.0,0.0,0.0,96.484,96.094,0.0,0.0,26.375,26.25,0.0,0.0,0.245,0.0,90.0,76.703,0.109,27.5,0x00000000,0x00000000,0x00000000,0.0,1246,1279,-16.103,-23.759,0.0,0.0,0.04,0.025,0.0,0.0,1.0,0.981,0.981,0.981,0.196,1.0,1.0,0.462,0.584,0.57,24.267,0x00000101,192.168.0.40,8080,255.255.255.0,192.168.0.1,0xFFFFFFFF,0xFFFFFFFF,0xFFFFFFFF,0x00000000,
12.235093832,0x00000000,0x00000000,0x00000000,0x00000000,0x00000000,0x00000000,0x00000000,0x00000000,29.31,5,0x00000000,96.094,97.255,0.01,0.277,-0.733,-0.015,-0.054,3.967,-45.287,0.029,-0.534,-3.822,0x00000003,0.88,0.863,-3.109,0.631,-0.056,0.491,0.472,0.0,0.0,0.005,0.002,0.0,0.0,0.004,-4.781,-1.449,0.0,0.0,-4.781,34.991,34.991,0.0,0.0,0.0,96.484,96.094,0.0,0.0,26.375,26.25,0.0,0.0,0.196,0.01,90.0,76.703,0.109,27.5,0x00000000,0x00000000,0x00000000,0.0,1246,1279,-5.89,-5.86,0.0,0.0,0.04,0.025,0.0,0.0,1.0,0.981,0.981,0.981,0.196,1.0,1.0,0.462,0.584,0.57,24.267,0x00000101,192.168.0.40,8080,255.255.255.0,192.168.0.1,0xFFFFFFFF,0xFFFFFFFF,0xFFFFFFFF,0x00000000,
12.2851178646,0x00000000,0x00000000,0x00000000,0x00000000,0x00000000,0x00000000,0x00000000,0x00000000,29.36,5,0x00000000,96.094,97.255,-0.017,0.33,-0.459,-0.007,-0.003,2.081,-28.355,0.072,1.653,-0.578,0x00000003,0.93,0.912,-2.889,0.475,-0.025,0.33,0.34,0.0,0.0,0.024,0.021,0.0,0.0,0.023,-1.844,1.208,0.0,0.0,-1.844,34.991,34.991,0.0,0.0,0.0,96.484,96.094,0.0,0.0,26.375,26.25,0.0,0.0,0.147,0.06,90.0,76.703,0.109,27.5,0x00000000,0x00000000,0x00000000,0.0,1246,1279,6.565,8.818,0.0,0.0,0.04,0.025,0.0,0.0,1.0,0.981,0.981,0.981,0.196,1.0,1.0,0.462,0.584,0.57,24.267,0x00000101,192.168.0.40,8080,255.255.255.0,192.168.0.1,0xFFFFFFFF,0xFFFFFFFF,0xFFFFFFFF,0x00000000,
12.3352749348,0x00000000,0x00000000,0x00000000,0x00000000,0x00000000,0x00000000,0x00000000,0x00000000,29.41,5,0x00000000,96.094,97.255,-0.019,0.283,-0.312,0.03,0.016,1.018,-18.05,0.201,3.921,1.2,0x00000003,0.98,0.961,-2.172,0.352,0.0,0.239,0.256,0.0,0.0,0.038,0.035,0.0,0.0,0.036,-2.797,2.874,0.0,0.0,2.874,34.991,34.991,0.0,0.0,0.0,96.484,96.094,0.0,0.0,26.375,26.25,0.0,0.0,0.098,0.11,90.0,76.703,0.109,27.5,0x00000000,0x00000000,0x00000000,0.0,1246,1279,4.663,7.3,0.0,0.0,0.04,0.025,0.0,0.0,1.0,0.981,0.981,0.981,0.196,1.0,1.0,0.462,0.584,0.57,24.267,0x00000101,192.168.0.40,8080,255.255.255.0,192.168.0.1,0xFFFFFFFF,0xFFFFFFFF,0xFFFFFFFF,0x00000000,
12.3852889538,0x00000000,0x00000000,0x00000000,0x00000000,0x00000000,0x00000000,0x00000000,0x00000000,29.46,5,0x00000000,96.094,97.255,-0.01,0.216,-0.223,0.032,0.137,0.355,-13.884,0.309,2.29,6.761,0x00000003,1.0,1.0,-1.393,0.268,0.056,0.168,0.234,0.0,0.0,0.047,0.047,0.0,0.0,0.047,-1.678,2.352,0.0,0.0,2.352,34.991,34.991,0.0,0.0,0.0,96.484,96.094,0.0,0.0,26.375,26.25,0.0,0.0,0.049,0.16,90.0,76.703,0.109,27.5,0x00000000,0x00000000,0x00000000,0.0,1246,1279,5.798,10.293,0.0,0.0,0.04,0.025,0.0,0.0,1.0,0.981,0.981,0.981,0.196,1.0,1.0,0.462,0.584,0.57,24.267,0x00000101,192.168.0.40,8080,255.255.255.0,192.168.0.1,0xFFFFFFFF,0xFFFFFFFF,0xFFFFFFFF,0x00000000,
13.1766428947,0x00000000,0x00000000,0x00000000,0x00000000,0x00000000,0x00000000,0x00000000,0x00000000,30.25,5,0x00000000,96.094,97.255,-0.021,0.073,-0.308,-0.002,0.234,-0.742,-18.72,0.801,0.492,13.417,0x00000003,1.0,1.0,-0.906,0.466,0.32,0.355,0.489,0.0,0.0,0.087,0.263,0.0,0.0,0.175,-1.729,-0.992,0.0,0.0,-1.729,34.991,34.991,0.0,0.0,0.0,96.484,96.094,0.0,0.0,26.375,26.25,0.0,0.0,0.0,0.25,90.0,76.703,0.109,27.5,0x00000000,0x00000000,0x00000000,0.0,1246,1279,2.726,3.279,0.0,0.0,0.044,0.029,0.0,0.0,1.0,0.981,0.981,0.981,0.196,1.0,1.0,0.462,0.584,0.57,24.267,0x00000101,192.168.0.40,8080,255.255.255.0,192.168.0.1,0xFFFFFFFF,0xFFFFFFFF,0xFFFFFFFF,0x00000000,
13.2266819477,0x00000000,0x00000000,0x00000000,0x00000000,0x00000000,0x00000000,0x00000000,0x00000000,30.3,5,0x00000000,96.094,97.255,-0.012,0.101,-0.178,-0.017,0.192,-1.452,-10.511,0.804,0.037,10.82,0x00000003,1.0,1.0,-1.255,0.409,0.244,0.299,0.398,0.0,0.0,0.103,0.285,0.0,0.0,0.194,-0.267,-1.119,0.0,0.0,-1.119,34.991,34.991,0.0,0.0,0.0,96.484,96.094,0.0,0.0,26.375,26.25,0.0,0.0,0.0,0.2,90.0,76.703,0.109,27.5,0x00000000,0x00000000,0x00000000,0.0,1246,1279,6.937,0.142,0.0,0.0,0.044,0.029,0.0,0.0,1.0,0.981,0.981,0.981,0.196,1.0,1.0,0.462,0.584,0.57,24.267,0x00000101,192.168.0.40,8080,255.255.255.0,192.168.0.1,0xFFFFFFFF,0xFFFFFFFF,0xFFFFFFFF,0x00000000,
13.2767658234,0x00000000,0x00000000,0x00000000,0x00000000,0x00000000,0x00000000,0x00000000,0x00000000,30.35,5,0x00000000,96.094,97.255,-0.01,0.097,-0.087,-0.021,0.09,-1.803,-5.144,0.775,0.226,8.176,0x00000003,1.0,1.0,-1.113,0.348,0.199,0.248,0.339,0.0,0.0,0.116,0.302,0.0,0.0,0.209,-0.814,0.191,0.0,0.0,-0.814,34.991,34.991,0.0,0.0,0.0,96.484,96.094,0.0,0.0,26.375,26.25,0.0,0.0,0.0,0.15,90.0,76.703,0.109,27.5,0x00000000,0x00000000,0x00000000,0.0,1246,1279,9.419,1.831,0.0,0.0,0.044,0.029,0.0,0.0,1.0,0.981,0.981,0.981,0.196,1.0,1.0,0.462,0.584,0.57,24.267,0x00000101,192.168.0.40,8080,255.255.255.0,192.168.0.1,0xFFFFFFFF,0xFFFFFFFF,0xFFFFFFFF,0x00000000,
13.3268458843,0x00000000,0x00000000,0x00000000,0x00000000,0x00000000,0x00000000,0x00000000,0x00000000,30.4,5,0x00000000,96.094,97.255,-0.005,0.081,-0.002,-0.018,0.103,-1.875,0.558,0.76,0.142,7.255,0x00000003,1.0,1.0,-0.988,0.296,0.153,0.215,0.282,0.0,0.0,0.127,0.317,0.0,0.0,0.222,1.068,0.0,0.0,0.0,1.068,34.991,34.991,0.0,0.0,0.0,96.484,96.094,0.0,0.0,26.375,26.25,0.0,0.0,0.0,0.1,90.0,76.703,0.109,27.5,0x00000000,0x00000000,0x00000000,0.0,1246,1279,4.855,2.49,0.0,0.0,0.044,0.029,0.0,0.0,1.0,0.981,0.981,0.981,0.196,1.0,1.0,0.462,0.584,0.57,24.267,0x00000101,192.168.0.40,8080,255.255.255.0,192.168.0.1,0xFFFFFFFF,0xFFFFFFFF,0xFFFFFFFF,0x00000000,
13.3769259453,0x00000000,0x00000000,0x00000000,0x00000000,0x00000000,0x00000000,0x00000000,0x00000000,30.45,5,0x00000000,96.094,97.255,-0.006,0.059,0.038,-0.022,0.024,-1.735,2.826,0.71,-0.459,4.884,0x00000003,1.0,1.0,-0.626,0.261,0.097,0.218,0.244,0.0,0.0,0.138,0.33,0.0,0.0,0.234,2.162,0.826,0.0,0.0,2.162,34.991,34.991,0.0,0.0,0.0,96.484,96.094,0.0,0.0,26.375,26.25,0.0,0.0,0.0,0.05,90.0,76.703,0.109,27.5,0x00000000,0x00000000,0x00000000,0.0,1246,1279,10.515,5.433,0.0,0.0,0.044,0.029,0.0,0.0,1.0,0.981,0.981,0.981,0.196,1.0,1.0,0.462,0.584,0.57,24.267,0x00000101,192.168.0.40,8080,255.255.255.0,192.168.0.1,0xFFFFFFFF,0xFFFFFFFF,0xFFFFFFFF,0x00000000,
14.1782159805,0x00000000,0x00000000,0x00000000,0x00000000,0x00000000,0x00000000,0x00000000,0x00000000,31.25,5,0x00000000,96.094,97.255,0.002,-0.044,-0.019,-0.026,-0.006,-4.707,-0.485,0.455,-0.291,0.008,0x00000003,1.0,1.0,-0.284,0.164,0.007,0.149,0.151,0.0,0.0,0.346,0.539,0.0,0.0,0.443,0.521,0.661,0.0,0.0,0.661,34.991,34.991,0.0,0.0,0.0,96.484,96.094,0.0,0.0,26.375,26.25,0.0,0.0,0.0,0.0,90.0,76.711,0.102,27.5,0x00000000,0x00000000,0x00000000,0.0,1246,1279,8.264,3.51,0.0,0.0,0.047,0.031,0.0,0.0,1.0,0.981,0.981,0.981,0.196,1.0,1.0,0.462,0.584,0.57,24.267,0x00000101,192.168.0.40,8080,255.255.255.0,192.168.0.1,0xFFFFFFFF,0xFFFFFFFF,0xFFFFFFFF,0x00000000,
14.2282710075,0x00000000,0x00000000,0x00000000,0x00000000,0x00000000,0x00000000,0x00000000,0x00000000,31.3,5,0x00000000,96.094,97.255,-0.002,-0.05,-0.022,-0.004,-0.013,-4.736,-0.977,0.427,-0.117,-1.035,0x00000003,1.0,1.0,-0.237,0.152,0.008,0.143,0.138,0.0,0.0,0.353,0.546,0.0,0.0,0.45,-0.458,-0.331,0.0,0.0,-0.458,34.991,34.991,0.0,0.0,0.0,96.484,96.094,0.0,0.0,26.375,26.25,0.0,0.0,0.01,0.0,90.0,76.711,0.102,27.5,0x00000000,0x00000000,0x00000000,0.0,1246,1279,5.169,4.726,0.0,0.0,0.047,0.031,0.0,0.0,1.0,0.981,0.981,0.981,0.196,1.0,1.0,0.462,0.584,0.57,24.267,0x00000101,192.168.0.40,8080,255.255.255.0,192.168.0.1,0xFFFFFFFF,0xFFFFFFFF,0xFFFFFFFF,0x00000000,
14.2783548832,0x00000000,0x00000000,0x00000000,0x00000000,0x00000000,0x00000000,0x00000000,0x00000000,31.35,5,0x00000000,96.094,97.255,-0.004,-0.038,0.036,-0.0,-0.006,-4.747,0.233,0.425,-0.23,1.072,0x00000003,1.0,1.0,-0.595,0.132,0.0,0.104,0.103,0.0,0.0,0.359,0.552,0.0,0.0,0.455,-5.467,-6.103,0.0,0.0,-6.103,34.991,34.991,0.0,0.0,0.0,96.484,96.094,0.0,0.0,26.375,26.25,0.0,0.0,0.059,0.0,90.0,76.711,0.102,27.5,0x00000000,0x00000000,0x00000000,0.0,1246,1279,0.223,4.144,0.0,0.0,0.047,0.031,0.0,0.0,1.0,0.981,0.981,0.981,0.196,1.0,1.0,0.462,0.584,0.57,24.267,0x00000101,192.168.0.40,8080,255.255.255.0,192.168.0.1,0xFFFFFFFF,0xFFFFFFFF,0xFFFFFFFF,0x00000000,
14.328430891,0x00000000,0x00000000,0x00000000,0x00000000,0x00000000,0x00000000,0x00000000,0x00000000,31.4,5,0x00000000,96.094,97.255,-0.005,0.044,0.353,-0.013,-0.028,-4.426,16.009,0.434,-0.03,0.255,0x00000003,1.0,1.0,-2.546,0.045,-0.004,-0.076,-0.079,0.0,0.0,0.359,0.552,0.0,0.0,0.456,-11.202,-11.52,0.0,0.0,-11.52,34.991,34.991,0.0,0.0,0.0,96.484,96.094,0.0,0.0,26.375,26.25,0.0,0.0,0.108,0.0,90.0,76.711,0.102,27.5,0x00000000,0x00000000,0x00000000,0.0,1246,1279,21.775,25.521,0.0,0.0,0.047,0.031,0.0,0.0,1.0,0.981,0.981,0.981,0.196,1.0,1.0,0.462,0.584,0.57,24.267,0x00000101,192.168.0.40,8080,255.255.255.0,192.168.0.1,0xFFFFFFFF,0xFFFFFFFF,0xFFFFFFFF,0x00000000,
14.3785188198,0x00000000,0x00000000,0x00000000,0x00000000,0x00000000,0x00000000,0x00000000,0x00000000,31.45,5,0x00000000,96.094,97.255,-0.004,0.163,0.786,-0.002,-0.031,-3.175,40.803,0.42,0.083,-0.084,0x00000003,1.0,1.0,-3.976,-0.132,-0.005,-0.317,-0.33,0.0,0.0,0.348,0.541,0.0,0.0,0.444,-9.663,-8.71,0.0,0.0,-9.663,34.991,34.991,0.0,0.0,0.0,96.484,96.094,0.0,0.0,26.438,26.25,0.0,0.0,0.157,0.0,90.0,76.711,0.102,27.5,0x00000000,0x00000000,0x00000000,0.0,1246,1279,43.045,37.063,0.0,0.0,0.047,0.032,0.0,0.0,1.0,0.981,0.981,0.981,0.196,1.0,1.0,0.462,0.584,0.57,24.267,0x00000101,192.168.0.40,8080,255.255.255.0,192.168.0.1,0xFFFFFFFF,0xFFFFFFFF,0xFFFFFFFF,0x00000000,
15.1797609329,0x00000000,0x00000000,0x00000000,0x00000000,0x00000000,0x00000000,0x00000000,0x00000000,32.25,5,0x00000000,96.094,97.255,-0.002,-0.046,-1.273,0.035,-0.009,-7.364,-73.615,0.359,1.975,-0.55,0x00000003,1.0,1.0,-0.741,1.259,0.002,1.221,1.225,0.0,0.0,0.683,0.876,0.0,0.0,0.779,-7.197,-7.222,0.0,0.0,-7.222,34.991,34.991,0.0,0.0,0.0,96.484,96.094,0.0,0.0,26.375,26.25,0.0,0.0,0.245,0.0,90.0,76.703,0.109,27.5,0x00000000,0x00000000,0x00000000,0.0,1246,1279,-33.992,-46.049,0.0,0.0,0.057,0.04,0.0,0.0,1.0,0.981,0.981,0.981,0.196,1.0,1.0,0.462,0.584,0.57,24.267,0x00000101,192.168.0.40,8080,255.255.255.0,192.168.0.1,0xFFFFFFFF,0xFFFFFFFF,0xFFFFFFFF,0x00000000,
15.2298660278,0x00000000,0x00000000,0x00000000,0x00000000,0x00000000,0x00000000,0x00000000,0x00000000,32.3,5,0x00000000,96.094,97.255,-0.009,0.051,-0.913,0.004,-0.013,-10.656,-54.135,0.436,2.439,-2.128,0x00000003,1.0,1.0,-2.991,1.15,-0.004,1.011,1.001,0.0,0.0,0.738,0.931,0.0,0.0,0.834,-8.239,-8.888,0.0,0.0,-8.888,34.991,34.991,0.0,0.0,0.0,96.484,96.094,0.0,0.0,26.375,26.25,0.0,0.0,0.196,0.01,90.0,76.703,0.109,27.5,0x00000000,0x00000000,0x00000000,0.0,1246,1279,-40.41,-49.136,0.0,0.0,0.057,0.04,0.0,0.0,1.0,0.981,0.981,0.981,0.196,1.0,1.0,0.462,0.584,0.57,24.267,0x00000101,192.168.0.40,8080,255.255.255.0,192.168.0.1,0xFFFFFFFF,0xFFFFFFFF,0xFFFFFFFF,0x00000000,
15.279902935,0x00000000,0x00000000,0x00000000,0x00000000,0x00000000,0x00000000,0x00000000,0x00000000,32.35,5,0x00000000,96.094,97.255,-0.002,0.115,-0.573,-0.009,-0.023,-12.944,-34.472,0.499,2.013,-1.19,0x00000003,1.0,1.0,-3.928,0.969,-0.002,0.782,0.777,0.0,0.0,0.781,0.974,0.0,0.0,0.877,-7.362,-6.777,0.0,0.0,-7.362,34.991,34.991,0.0,0.0,0.0,96.484,96.094,0.0,0.0,26.375,26.25,0.0,0.0,0.147,0.06,90.0,76.703,0.109,27.5,0x00000000,0x00000000,0x00000000,0.0,1246,1279,-31.877,-35.83,0.0,0.0,0.056,0.039,0.0,0.0,1.0,0.981,0.981,0.981,0.196,1.0,1.0,0.462,0.584,0.57,24.267,0x00000101,192.168.0.40,8080,255.255.255.0,192.168.0.1,0xFFFFFFFF,0xFFFFFFFF,0xFFFFFFFF,0x00000000,
15.3300459385,0x00000000,0x00000000,0x00000000,0x00000000,0x00000000,0x00000000,0x00000000,0x00000000,32.4,5,0x00000000,96.094,97.255,0.002,0.11,-0.317,-0.004,-0.015,-14.302,-20.105,0.512,-0.509,0.797,0x00000003,1.0,1.0,-3.736,0.779,0.013,0.588,0.61,0.0,0.0,0.814,1.007,0.0,0.0,0.911,-7.705,-4.463,0.0,0.0,-7.705,34.991,34.991,0.0,0.0,0.0,96.484,96.094,0.0,0.0,26.375,26.25,0.0,0.0,0.098,0.11,90.0,76.703,0.109,27.5,0x00000000,0x00000000,0x00000000,0.0,1246,1279,-16.956,-18.135,0.0,0.0,0.056,0.039,0.0,0.0,1.0,0.981,0.981,0.981,0.196,1.0,1.0,0.462,0.584,0.57,24.267,0x00000101,192.168.0.40,8080,255.255.255.0,192.168.0.1,0xFFFFFFFF,0xFFFFFFFF,0xFFFFFFFF,0x00000000,
15.3800678253,0x00000000,0x00000000,0x00000000,0x00000000,0x00000000,0x00000000,0x00000000,0x00000000,32.45,5,0x00000000,96.094,97.255,0.006,0.069,-0.132,-0.068,0.09,-14.913,-8.499,0.495,-1.402,6.026,0x00000003,1.0,1.0,-3.195,0.612,0.061,0.419,0.497,0.0,0.0,0.838,1.034,0.0,0.0,0.936,-7.031,-2.848,0.0,0.0,-7.031,34.991,34.991,0.0,0.0,0.0,96.484,96.094,0.0,0.0,26.375,26.25,0.0,0.0,0.049,0.16,90.0,76.703,0.109,27.5,0x00000000,0x00000000,0x00000000,0.0,1246,1279,-8.454,-6.397,0.0,0.0,0.056,0.039,0.0,0.0,1.0,0.981,0.981,0.981,0.196,1.0,1.0,0.462,0.584,0.57,24.267,0x00000101,192.168.0.40,8080,255.255.255.0,192.168.0.1,0xFFFFFFFF,0xFFFFFFFF,0xFFFFFFFF,0x00000000,
16.1813578606,0x00000000,0x00000000,0x00000000,0x00000000,0x00000000,0x00000000,0x00000000,0x00000000,33.25,5,0x00000000,96.094,97.255,-0.008,-0.029,0.002,-0.04,0.145,-9.117,-0.556,0.161,-0.441,9.163,0x00000003,1.0,1.0,-1.479,0.054,0.245,-0.059,0.024,0.0,0.0,0.821,1.187,0.0,0.0,1.004,-8.29,-1.31,0.0,0.0,-8.29,34.991,34.991,0.0,0.0,0.0,96.484,96.094,0.0,0.0,26.375,26.25,0.0,0.0,0.0,0.24,90.0,76.703,0.109,27.5,0x00000000,0x00000000,0x00000000,0.0,1246,1279,11.728,8.538,0.0,0.0,0.058,0.041,0.0,0.0,1.0,0.981,0.981,0.981,0.196,1.0,1.0,0.462,0.584,0.57,24.267,0x00000101,192.168.0.40,8080,255.255.255.0,192.168.0.1,0xFFFFFFFF,0xFFFFFFFF,0xFFFFFFFF,0x00000000,
16.2314648628,0x00000000,0x00000000,0x00000000,0x00000000,0x00000000,0x00000000,0x00000000,0x00000000,33.3,5,0x00000000,96.094,97.255,-0.011,-0.022,0.107,-0.028,0.115,-8.971,4.933,0.154,0.297,6.412,0x00000003,1.0,1.0,-1.424,-0.017,0.18,-0.12,-0.051,0.0,0.0,0.816,1.186,0.0,0.0,1.001,-9.625,-1.907,0.0,0.0,-9.625,34.991,34.991,0.0,0.0,0.0,96.484,96.094,0.0,0.0,26.375,26.25,0.0,0.0,0.0,0.19,90.0,76.703,0.109,27.5,0x00000000,0x00000000,0x00000000,0.0,1246,1279,14.186,14.208,0.0,0.0,0.058,0.041,0.0,0.0,1.0,0.981,0.981,0.981,0.196,1.0,1.0,0.462,0.584,0.57,24.267,0x00000101,192.168.0.40,8080,255.255.255.0,192.168.0.1,0xFFFFFFFF,0xFFFFFFFF,0xFFFFFFFF,0x00000000,
16.2815079689,0x00000000,0x00000000,0x00000000,0x00000000,0x00000000,0x00000000,0x00000000,0x00000000,33.35,5,0x00000000,96.094,97.255,-0.005,-0.021,0.197,-0.043,0.116,-8.556,10.521,0.158,0.428,8.222,0x00000003,1.0,1.0,-1.472,-0.091,0.15,-0.201,-0.122,0.0,0.0,0.808,1.182,0.0,0.0,0.995,-7.095,-2.632,0.0,0.0,-7.095,34.991,34.991,0.0,0.0,0.0,96.484,96.094,0.0,0.0,26.375,26.25,0.0,0.0,0.0,0.14,90.0,76.703,0.109,27.5,0x00000000,0x00000000,0x00000000,0.0,1246,1279,13.106,11.561,0.0,0.0,0.058,0.041,0.0,0.0,1.0,0.981,0.981,0.981,0.196,1.0,1.0,0.462,0.584,0.57,24.267,0x00000101,192.168.0.40,8080,255.255.255.0,192.168.0.1,0xFFFFFFFF,0xFFFFFFFF,0xFFFFFFFF,0x00000000,
16.3316149712,0x00000000,0x00000000,0x00000000,0x00000000,0x00000000,0x00000000,0x00000000,0x00000000,33.4,5,0x00000000,96.094,97.255,0.003,-0.03,0.265,-0.039,0.092,-7.906,14.286,0.104,-0.882,6.836,0x00000003,1.0,1.0,-1.231,-0.157,0.128,-0.248,-0.185,0.0,0.0,0.797,1.174,0.0,0.0,0.985,-6.103,-2.759,0.0,0.0,-6.103,34.991,34.991,0.0,0.0,0.0,96.484,96.094,0.0,0.0,26.375,26.25,0.0,0.0,0.0,0.09,90.0,76.703,0.109,27.5,0x00000000,0x00000000,0x00000000,0.0,1246,1279,18.172,15.851,0.0,0.0,0.059,0.041,0.0,0.0,1.0,0.981,0.981,0.981,0.196,1.0,1.0,0.462,0.584,0.57,24.267,0x00000101,192.168.0.40,8080,255.255.255.0,192.168.0.1,0xFFFFFFFF,0xFFFFFFFF,0xFFFFFFFF,0x00000000,
16.381652832,0x00000000,0x00000000,0x00000000,0x00000000,0x00000000,0x00000000,0x00000000,0x00000000,33.45,5,0x00000000,96.094,97.255,0.005,-0.039,0.3,-0.048,0.032,-7.09,17.884,0.064,-1.638,1.615,0x00000003,1.0,1.0,-0.821,-0.21,0.088,-0.263,-0.236,0.0,0.0,0.784,1.163,0.0,0.0,0.973,-3.891,-1.411,0.0,0.0,-3.891,34.991,34.991,0.0,0.0,0.0,96.484,96.094,0.0,0.0,26.375,26.25,0.0,0.0,0.0,0.04,90.0,76.703,0.109,27.5,0x00000000,0x00000000,0x00000000,0.0,1246,1279,13.211,17.738,0.0,0.0,0.059,0.042,0.0,0.0,1.0,0.981,0.981,0.981,0.196,1.0,1.0,0.462,0.584,0.57,24.267,0x00000101,192.168.0.40,8080,255.255.255.0,192.168.0.1,0xFFFFFFFF,0xFFFFFFFF,0xFFFFFFFF,0x00000000,
17.1829509735,0x00000000,0x00000000,0x00000000,0x00000000,0x00000000,0x00000000,0x00000000,0x00000000,34.25,5,0x00000000,96.094,97.255,-0.0,-0.088,0.008,-0.015,0.009,-2.463,1.349,0.009,0.169,0.966,0x00000003,1.0,1.0,0.413,-0.192,0.006,-0.181,-0.163,0.0,0.0,0.648,1.029,0.0,0.0,0.838,-0.839,-1.806,0.0,0.0,-1.806,34.991,34.991,0.0,0.0,0.0,96.484,96.094,0.0,0.0,26.375,26.25,0.0,0.0,0.0,0.0,90.0,76.703,0.102,27.5,0x00000000,0x00000000,0x00000000,0.0,1246,1279,5.086,5.153,0.0,0.0,0.061,0.044,0.0,0.0,1.0,0.981,0.981,0.981,0.196,1.0,1.0,0.462,0.584,0.57,24.267,0x00000101,192.168.0.40,8080,255.255.255.0,192.168.0.1,0xFFFFFFFF,0xFFFFFFFF,0xFFFFFFFF,0x00000000,
17.2330539227,0x00000000,0x00000000,0x00000000,0x00000000,0x00000000,0x00000000,0x00000000,0x00000000,34.3,5,0x00000000,96.094,97.255,0.004,-0.075,0.002,-0.034,-0.006,-2.431,0.613,0.005,-0.69,0.962,0x00000003,1.0,1.0,0.237,-0.173,-0.002,-0.157,-0.167,0.0,0.0,0.64,1.021,0.0,0.0,0.83,-1.869,-2.416,0.0,0.0,-2.416,34.991,34.991,0.0,0.0,0.0,96.484,96.094,0.0,0.0,26.375,26.25,0.0,0.0,0.01,0.0,90.0,76.703,0.102,27.5,0x00000000,0x00000000,0x00000000,0.0,1246,1279,10.152,11.961,0.0,0.0,0.061,0.044,0.0,0.0,1.0,0.981,0.981,0.981,0.196,1.0,1.0,0.462,0.584,0.57,24.267,0x00000101,192.168.0.40,8080,255.255.255.0,192.168.0.1,0xFFFFFFFF,0xFFFFFFFF,0xFFFFFFFF,0x00000000,
17.2830920219,0x00000000,0x00000000,0x00000000,0x00000000,0x00000000,0x00000000,0x00000000,0x00000000,34.35,5,0x00000000,96.094,97.255,0.002,-0.048,0.049,-0.0,-0.021,-2.374,2.47,0.001,0.348,-0.587,0x00000003,1.0,1.0,-0.549,-0.18,-0.003,-0.207,-0.206,0.0,0.0,0.631,1.013,0.0,0.0,0.822,-8.252,-8.061,0.0,0.0,-8.252,34.991,34.991,0.0,0.0,0.0,96.484,96.094,0.0,0.0,26.375,26.25,0.0,0.0,0.059,0.0,90.0,76.703,0.102,27.5,0x00000000,0x00000000,0x00000000,0.0,1246,1279,18.047,22.052,0.0,0.0,0.061,0.044,0.0,0.0,1.0,0.981,0.981,0.981,0.196,1.0,1.0,0.462,0.584,0.57,24.267,0x00000101,192.168.0.40,8080,255.255.255.0,192.168.0.1,0xFFFFFFFF,0xFFFFFFFF,0xFFFFFFFF,0x00000000,
17.3332128525,0x00000000,0x00000000,0x00000000,0x00000000,0x00000000,0x00000000,0x00000000,0x00000000,34.4,5,0x00000000,96.094,97.255,-0.005,0.036,0.368,-0.009,-0.004,-2.092,16.293,0.002,-0.529,1.242,0x00000003,1.0,1.0,-2.627,-0.264,-0.0,-0.393,-0.388,0.0,0.0,0.616,0.998,0.0,0.0,0.807,-13.668,-13.643,0.0,0.0,-13.668,34.991,34.991,0.0,0.0,0.0,96.484,96.094,0.0,0.0,26.375,26.25,0.0,0.0,0.108,0.0,90.0,76.703,0.102,27.5,0x00000000,0x00000000,0x00000000,0.0,1246,1279,59.892,56.699,0.0,0.0,0.062,0.045,0.0,0.0,1.0,0.981,0.981,0.981,0.196,1.0,1.0,0.462,0.584,0.57,24.267,0x00000101,192.168.0.40,8080,255.255.255.0,192.168.0.1,0xFFFFFFFF,0xFFFFFFFF,0xFFFFFFFF,0x00000000,
17.3832478523,0x00000000,0x00000000,0x00000000,0x00000000,0x00000000,0x00000000,0x00000000,0x00000000,34.45,5,0x00000000,96.094,97.255,-0.008,0.195,0.913,-0.025,0.012,-0.731,47.588,-0.001,-0.471,2.846,0x00000003,1.0,1.0,-4.199,-0.448,-0.006,-0.649,-0.652,0.0,0.0,0.589,0.971,0.0,0.0,0.78,-11.316,-11.342,0.0,0.0,-11.342,34.991,34.991,0.0,0.0,0.0,96.484,96.094,0.0,0.0,26.375,26.25,0.0,0.0,0.157,0.0,90.0,76.703,0.102,27.5,0x00000000,0x00000000,0x00000000,0.0,1246,1279,81.064,76.979,0.0,0.0,0.063,0.046,0.0,0.0,1.0,0.981,0.981,0.981,0.196,1.0,1.0,0.462,0.584,0.57,24.267,0x00000101,192.168.0.40,8080,255.255.255.0,192.168.0.1,0xFFFFFFFF,0xFFFFFFFF,0xFFFFFFFF,0x00000000,
18.1845428944,0x00000000,0x00000000,0x00000000,0x00000000,0x00000000,0x00000000,0x00000000,0x00000000,35.25,5,0x00000000,96.094,97.255,0.0,-0.004,-1.252,0.009,-0.027,-3.478,-72.089,-0.096,0.158,0.073,0x00000003,1.0,1.0,-0.521,1.175,0.017,1.147,1.152,0.0,0.0,0.79,1.171,0.0,0.0,0.981,-6.777,-6.663,0.0,0.0,-6.777,34.991,34.991,0.0,0.0,0.0,96.484,96.094,0.0,0.0,26.438,26.25,0.0,0.0,0.245,0.0,90.0,76.711,0.109,27.5,0x00000000,0x00000000,0x00000000,0.0,1246,1279,-24.543,-40.761,0.0,0.0,0.072,0.053,0.0,0.0,1.0,0.981,0.981,0.981,0.196,1.0,1.0,0.462,0.584,0.57,24.267,0x00000101,192.168.0.40,8080,255.255.255.0,192.168.0.1,0xFFFFFFFF,0xFFFFFFFF,0xFFFFFFFF,0x00000000,
18.2346470356,0x00000000,0x00000000,0x00000000,0x00000000,0x00000000,0x00000000,0x00000000,0x00000000,35.3,5,0x00000000,96.094,97.255,-0.01,0.092,-0.862,0.003,-0.018,-6.691,-52.951,-0.052,1.108,-0.204,0x00000003,1.0,1.0,-2.817,1.074,0.012,0.932,0.945,0.0,0.0,0.841,1.222,0.0,0.0,1.032,-6.599,-6.675,0.0,0.0,-6.675,34.991,34.991,0.0,0.0,0.0,96.484,96.094,0.0,0.0,26.375,26.25,0.0,0.0,0.196,0.01,90.0,76.711,0.109,27.5,0x00000000,0x00000000,0x00000000,0.0,1246,1279,-32.978,-38.833,0.0,0.0,0.072,0.053,0.0,0.0,1.0,0.981,0.981,0.981,0.196,1.0,1.0,0.462,0.584,0.57,24.267,0x00000101,192.168.0.40,8080,255.255.255.0,192.168.0.1,0xFFFFFFFF,0xFFFFFFFF,0xFFFFFFFF,0x00000000,
18.2846829891,0x00000000,0x00000000,0x00000000,0x00000000,0x00000000,0x00000000,0x00000000,0x00000000,35.35,5,0x00000000,96.094,97.255,-0.012,0.15,-0.558,0.008,-0.047,-8.895,-34.104,-0.012,1.603,-0.118,0x00000003,1.0,1.0,-3.458,0.91,0.007,0.743,0.744,0.0,0.0,0.882,1.263,0.0,0.0,1.072,-5.34,-4.933,0.0,0.0,-5.34,34.991,34.991,0.0,0.0,0.0,96.484,96.094,0.0,0.0,26.375,26.25,0.0,0.0,0.147,0.06,90.0,76.711,0.109,27.5,0x00000000,0x00000000,0x00000000,0.0,1246,1279,-15.982,-24.4,0.0,0.0,0.071,0.052,0.0,0.0,1.0,0.981,0.981,0.981,0.196,1.0,1.0,0.462,0.584,0.57,24.267,0x00000101,192.168.0.40,8080,255.255.255.0,192.168.0.1,0xFFFFFFFF,0xFFFFFFFF,0xFFFFFFFF,0x00000000,
18.3348050117,0x00000000,0x00000000,0x00000000,0x00000000,0x00000000,0x00000000,0x00000000,0x00000000,35.4,5,0x00000000,96.094,97.255,-0.006,0.131,-0.37,-0.008,0.009,-10.277,-23.308,0.047,1.699,1.342,0x00000003,1.0,1.0,-3.026,0.753,0.012,0.601,0.612,0.0,0.0,0.915,1.296,0.0,0.0,1.105,-5.798,-3.001,0.0,0.0,-5.798,34.991,34.991,0.0,0.0,0.0,96.484,96.094,0.0,0.0,26.375,26.25,0.0,0.0,0.098,0.11,90.0,76.711,0.109,27.5,0x00000000,0x00000000,0x00000000,0.0,1246,1279,-12.23,-14.922,0.0,0.0,0.071,0.052,0.0,0.0,1.0,0.981,0.981,0.981,0.196,1.0,1.0,0.462,0.584,0.57,24.267,0x00000101,192.168.0.40,8080,255.255.255.0,192.168.0.1,0xFFFFFFFF,0xFFFFFFFF,0xFFFFFFFF,0x00000000,
18.3848419189,0x00000000,0x00000000,0x00000000,0x00000000,0x00000000,0x00000000,0x00000000,0x00000000,35.45,5,0x00000000,96.094,97.255,0.0,0.081,-0.244,-0.062,0.095,-11.124,-14.946,0.029,0.037,6.355,0x00000003,1.0,1.0,-2.469,0.621,0.06,0.473,0.531,0.0,0.0,0.941,1.324,0.0,0.0,1.132,-6.179,-2.632,0.0,0.0,-6.179,34.991,34.991,0.0,0.0,0.0,96.484,96.094,0.0,0.0,26.375,26.25,0.0,0.0,0.049,0.16,90.0,76.711,0.109,27.5,0x00000000,0x00000000,0x00000000,0.0,1246,1279,-6.474,-11.957,0.0,0.0,0.071,0.052,0.0,0.0,1.0,0.981,0.981,0.981,0.196,1.0,1.0,0.462,0.584,0.57,24.267,0x00000101,192.168.0.40,8080,255.255.255.0,192.168.0.1,0xFFFFFFFF,0xFFFFFFFF,0xFFFFFFFF,0x00000000,
19.1861448288,0x00000000,0x00000000,0x00000000,0x00000000,0x00000000,0x00000000,0x00000000,0x00000000,36.25,5,0x00000000,96.094,97.255,-0.015,-0.004,-0.033,-0.036,0.187,-7.141,-3.729,-0.297,0.786,13.693,0x00000003,1.0,1.0,-1.519,0.159,0.29,0.02,0.152,0.0,0.0,0.962,1.517,0.0,0.0,1.239,-5.607,-1.348,0.0,0.0,-5.607,34.991,34.991,0.0,0.0,0.0,96.484,96.094,0.0,0.0,26.375,26.25,0.0,0.0,0.0,0.24,90.0,76.711,0.109,27.5,0x00000000,0x00000000,0x00000000,0.0,1246,1279,6.826,4.753,0.0,0.0,0.073,0.054,0.0,0.0,1.0,0.981,0.981,0.981,0.196,1.0,1.0,0.462,0.584,0.57,24.267,0x00000101,192.168.0.40,8080,255.255.255.0,192.168.0.1,0xFFFFFFFF,0xFFFFFFFF,0xFFFFFFFF,0x00000000,
19.2362368107,0x00000000,0x00000000,0x00000000,0x00000000,0x00000000,0x00000000,0x00000000,0x00000000,36.3,5,0x00000000,96.094,97.255,-0.019,0.006,0.037,-0.019,0.151,-7.148,2.103,-0.299,-0.164,8.134,0x00000003,1.0,1.0,-1.298,0.087,0.209,-0.015,0.064,0.0,0.0,0.962,1.522,0.0,0.0,1.241,-5.798,-0.61,0.0,0.0,-5.798,34.991,34.991,0.0,0.0,0.0,96.484,96.094,0.0,0.0,26.375,26.25,0.0,0.0,0.0,0.19,90.0,76.711,0.109,27.5,0x00000000,0x00000000,0x00000000,0.0,1246,1279,9.414,4.78,0.0,0.0,0.073,0.054,0.0,0.0,1.0,0.981,0.981,0.981,0.196,1.0,1.0,0.462,0.584,0.57,24.267,0x00000101,192.168.0.40,8080,255.255.255.0,192.168.0.1,0xFFFFFFFF,0xFFFFFFFF,0xFFFFFFFF,0x00000000,
19.2862780094,0x00000000,0x00000000,0x00000000,0x00000000,0x00000000,0x00000000,0x00000000,0x00000000,36.35,5,0x00000000,96.094,97.255,-0.011,-0.01,0.088,-0.028,0.079,-6.946,5.406,-0.281,0.617,4.647,0x00000003,1.0,1.0,-1.079,0.027,0.15,-0.056,0.005,0.0,0.0,0.96,1.523,0.0,0.0,1.241,-6.014,-0.305,0.0,0.0,-6.014,34.991,34.991,0.0,0.0,0.0,96.484,96.094,0.0,0.0,26.375,26.25,0.0,0.0,0.0,0.14,90.0,76.711,0.109,27.5,0x00000000,0x00000000,0x00000000,0.0,1246,1279,9.526,9.06,0.0,0.0,0.073,0.054,0.0,0.0,1.0,0.981,0.981,0.981,0.196,1.0,1.0,0.462,0.584,0.57,24.267,0x00000101,192.168.0.40,8080,255.255.255.0,192.168.0.1,0xFFFFFFFF,0xFFFFFFFF,0xFFFFFFFF,0x00000000,
19.3363969326,0x00000000,0x00000000,0x00000000,0x00000000,0x00000000,0x00000000,0x00000000,0x00000000,36.4,5,0x00000000,96.094,97.255,-0.005,-0.026,0.131,-0.033,0.061,-6.587,7.522,-0.306,-0.581,3.274,0x00000003,1.0,1.0,-0.967,-0.022,0.105,-0.087,-0.05,0.0,0.0,0.957,1.521,0.0,0.0,1.239,-5.862,-0.992,0.0,0.0,-5.862,34.991,34.991,0.0,0.0,0.0,96.484,96.094,0.0,0.0,26.375,26.25,0.0,0.0,0.0,0.09,90.0,76.711,0.109,27.5,0x00000000,0x00000000,0x00000000,0.0,1246,1279,9.531,13.447,0.0,0.0,0.074,0.054,0.0,0.0,1.0,0.981,0.981,0.981,0.196,1.0,1.0,0.462,0.584,0.57,24.267,0x00000101,192.168.0.40,8080,255.255.255.0,192.168.0.1,0xFFFFFFFF,0xFFFFFFFF,0xFFFFFFFF,0x00000000,
19.3864629269,0x00000000,0x00000000,0x00000000,0x00000000,0x00000000,0x00000000,0x00000000,0x00000000,36.45,5,0x00000000,96.094,97.255,-0.003,-0.036,0.172,-0.028,0.013,-6.16,9.806,-0.322,-0.912,2.921,0x00000003,1.0,1.0,-0.895,-0.071,0.066,-0.12,-0.108,0.0,0.0,0.952,1.517,0.0,0.0,1.234,-4.933,-1.259,0.0,0.0,-4.933,34.991,34.991,0.0,0.0,0.0,96.484,96.094,0.0,0.0,26.438,26.25,0.0,0.0,0.0,0.04,90.0,76.711,0.109,27.5,0x00000000,0x00000000,0x00000000,0.0,1246,1279,9.531,9.73,0.0,0.0,0.074,0.055,0.0,0.0,1.0,0.981,0.981,0.981,0.196,1.0,1.0,0.462,0.584,0.57,24.267,0x00000101,192.168.0.40,8080,255.255.255.0,192.168.0.1,0xFFFFFFFF,0xFFFFFFFF,0xFFFFFFFF,0x00000000,
20.1877269745,0x00000000,0x00000000,0x00000000,0x00000000,0x00000000,0x00000000,0x00000000,0x00000000,37.25,5,0x00000000,96.094,97.255,-0.004,-0.045,0.059,-0.018,-0.012,-2.587,4.768,-0.438,1.155,1.868,0x00000003,1.0,1.0,0.056,-0.153,0.005,-0.159,-0.142,0.0,0.0,0.87,1.437,0.0,0.0,1.153,-0.267,-1.106,0.0,0.0,-1.106,34.991,34.991,0.0,0.0,0.0,96.484,96.094,0.0,0.0,26.438,26.25,0.0,0.0,0.0,0.0,90.0,76.711,0.102,27.5,0x00000000,0x00000000,0x00000000,0.0,1246,1279,9.529,10.071,0.0,0.0,0.076,0.056,0.0,0.0,1.0,0.981,0.981,0.981,0.196,1.0,1.0,0.462,0.584,0.57,24.267,0x00000101,192.168.0.40,8080,255.255.255.0,192.168.0.1,0xFFFFFFFF,0xFFFFFFFF,0xFFFFFFFF,0x00000000,
20.237831831,0x00000000,0x00000000,0x00000000,0x00000000,0x00000000,0x00000000,0x00000000,0x00000000,37.3,5,0x00000000,96.094,97.255,-0.001,-0.051,0.05,-0.022,0.0,-2.382,3.563,-0.431,-0.095,1.176,0x00000003,1.0,1.0,0.226,-0.146,0.014,-0.141,-0.128,0.0,0.0,0.863,1.43,0.0,0.0,1.146,-1.373,-1.895,0.0,0.0,-1.895,34.991,34.991,0.0,0.0,0.0,96.484,96.094,0.0,0.0,26.438,26.25,0.0,0.0,0.01,0.0,90.0,76.711,0.102,27.5,0x00000000,0x00000000,0x00000000,0.0,1246,1279,7.308,5.371,0.0,0.0,0.076,0.056,0.0,0.0,1.0,0.981,0.981,0.981,0.196,1.0,1.0,0.462,0.584,0.57,24.267,0x00000101,192.168.0.40,8080,255.255.255.0,192.168.0.1,0xFFFFFFFF,0xFFFFFFFF,0xFFFFFFFF,0x00000000,
20.2878668308,0x00000000,0x00000000,0x00000000,0x00000000,0x00000000,0x00000000,0x00000000,0x00000000,37.35,5,0x00000000,96.094,97.255,-0.002,-0.038,0.087,-0.005,-0.018,-2.202,4.747,-0.436,-0.174,-0.91,0x00000003,1.0,1.0,-0.44,-0.151,0.015,-0.173,-0.172,0.0,0.0,0.855,1.423,0.0,0.0,1.139,-7.921,-8.01,0.0,0.0,-8.01,34.991,34.991,0.0,0.0,0.0,96.484,96.094,0.0,0.0,26.375,26.25,0.0,0.0,0.059,0.0,90.0,76.711,0.102,27.5,0x00000000,0x00000000,0x00000000,0.0,1246,1279,23.037,16.313,0.0,0.0,0.076,0.056,0.0,0.0,1.0,0.981,0.981,0.981,0.196,1.0,1.0,0.462,0.584,0.57,24.267,0x00000101,192.168.0.40,8080,255.255.255.0,192.168.0.1,0xFFFFFFFF,0xFFFFFFFF,0xFFFFFFFF,0x00000000,
20.3379869461,0x00000000,0x00000000,0x00000000,0x00000000,0x00000000,0x00000000,0x00000000,0x00000000,37.4,5,0x00000000,96.094,97.255,-0.008,0.05,0.438,-0.006,0.003,-1.748,20.947,-0.432,0.143,0.473,0x00000003,1.0,1.0,-2.578,-0.234,0.003,-0.356,-0.361,0.0,0.0,0.842,1.41,0.0,0.0,1.125,-11.125,-10.922,0.0,0.0,-11.125,34.991,34.991,0.0,0.0,0.0,96.484,96.094,0.0,0.0,26.375,26.25,0.0,0.0,0.108,0.0,90.0,76.711,0.102,27.5,0x00000000,0x00000000,0x00000000,0.0,1246,1279,44.309,45.866,0.0,0.0,0.076,0.057,0.0,0.0,1.0,0.981,0.981,0.981,0.196,1.0,1.0,0.462,0.584,0.57,24.267,0x00000101,192.168.0.40,8080,255.255.255.0,192.168.0.1,0xFFFFFFFF,0xFFFFFFFF,0xFFFFFFFF,0x00000000,
20.3880298138,0x00000000,0x00000000,0x00000000,0x00000000,0x00000000,0x00000000,0x00000000,0x00000000,37.45,5,0x00000000,96.094,97.255,-0.012,0.175,0.866,-0.003,-0.006,-0.303,44.997,-0.429,0.043,-0.236,0x00000003,1.0,1.0,-3.713,-0.4,-0.004,-0.58,-0.578,0.0,0.0,0.818,1.386,0.0,0.0,1.101,-8.913,-9.142,0.0,0.0,-9.142,34.991,34.991,0.0,0.0,0.0,96.484,96.094,0.0,0.0,26.438,26.25,0.0,0.0,0.157,0.0,90.0,76.711,0.102,27.5,0x00000000,0x00000000,0x00000000,0.0,1246,1279,62.294,56.269,0.0,0.0,0.077,0.057,0.0,0.0,1.0,0.981,0.981,0.981,0.196,1.0,1.0,0.462,0.584,0.57,24.267,0x00000101,192.168.0.40,8080,255.255.255.0,192.168.0.1,0xFFFFFFFF,0xFFFFFFFF,0xFFFFFFFF,0x00000000,
21.1793649197,0x00000000,0x00000000,0x00000000,0x00000000,0x00000000,0x00000000,0x00000000,0x00000000,38.24,5,0x00000000,96.094,97.255,-0.004,-0.026,-1.372,-0.011,-0.046,-3.132,-78.682,-0.469,0.505,1.289,0x00000003,1.0,1.0,0.009,1.245,0.01,1.246,1.244,0.0,0.0,1.036,1.606,0.0,0.0,1.321,-5.289,-5.849,0.0,0.0,-5.849,34.991,34.991,0.0,0.0,0.0,96.484,96.094,0.0,0.0,26.375,26.25,0.0,0.0,0.255,0.0,90.0,76.703,0.109,27.5,0x00000000,0x00000000,0x00000000,0.0,1246,1279,-14.593,-31.09,0.0,0.0,0.087,0.066,0.0,0.0,1.0,0.981,0.981,0.981,0.196,1.0,1.0,0.462,0.584,0.57,24.267,0x00000101,192.168.0.40,8080,255.255.255.0,192.168.0.1,0xFFFFFFFF,0xFFFFFFFF,0xFFFFFFFF,0x00000000,
21.2294080257,0x00000000,0x00000000,0x00000000,0x00000000,0x00000000,0x00000000,0x00000000,0x00000000,38.29,5,0x00000000,96.094,97.255,-0.003,0.064,-1.042,-0.02,-0.044,-6.737,-61.415,-0.456,1.018,-1.532,0x00000003,1.0,1.0,-2.429,1.168,-0.0,1.056,1.047,0.0,0.0,1.093,1.662,0.0,0.0,1.377,-8.087,-8.074,0.0,0.0,-8.087,34.991,34.991,0.0,0.0,0.0,96.484,96.094,0.0,0.0,26.375,26.25,0.0,0.0,0.206,0.01,90.0,76.703,0.109,27.5,0x00000000,0x00000000,0x00000000,0.0,1246,1279,-37.681,-42.608,0.0,0.0,0.087,0.065,0.0,0.0,1.0,0.981,0.981,0.981,0.196,1.0,1.0,0.462,0.584,0.57,24.267,0x00000101,192.168.0.40,8080,255.255.255.0,192.168.0.1,0xFFFFFFFF,0xFFFFFFFF,0xFFFFFFFF,0x00000000,
21.2794718742,0x00000000,0x00000000,0x00000000,0x00000000,0x00000000,0x00000000,0x00000000,0x00000000,38.34,5,0x00000000,96.094,97.255,-0.009,0.147,-0.657,-0.004,-0.023,-9.385,-39.978,-0.456,0.408,0.185,0x00000003,1.0,1.0,-3.71,1.001,-0.006,0.823,0.822,0.0,0.0,1.138,1.708,0.0,0.0,1.423,-7.286,-6.243,0.0,0.0,-7.286,34.991,34.991,0.0,0.0,0.0,96.484,96.094,0.0,0.0,26.375,26.25,0.0,0.0,0.157,0.06,90.0,76.703,0.109,27.5,0x00000000,0x00000000,0x00000000,0.0,1246,1279,-30.23,-30.736,0.0,0.0,0.086,0.065,0.0,0.0,1.0,0.981,0.981,0.981,0.196,1.0,1.0,0.462,0.584,0.57,24.267,0x00000101,192.168.0.40,8080,255.255.255.0,192.168.0.1,0xFFFFFFFF,0xFFFFFFFF,0xFFFFFFFF,0x00000000,
21.3295638561,0x00000000,0x00000000,0x00000000,0x00000000,0x00000000,0x00000000,0x00000000,0x00000000,38.39,5,0x00000000,96.094,97.255,-0.019,0.165,-0.361,0.005,0.027,-10.965,-22.271,-0.414,1.563,0.859,0x00000003,1.0,1.0,-3.828,0.809,0.01,0.61,0.64,0.0,0.0,1.173,1.743,0.0,0.0,1.457,-7.413,-4.158,0.0,0.0,-7.413,34.991,34.991,0.0,0.0,0.0,96.484,96.094,0.0,0.0,26.438,26.25,0.0,0.0,0.108,0.11,90.0,76.703,0.109,27.5,0x00000000,0x00000000,0x00000000,0.0,1246,1279,-16.177,-18.277,0.0,0.0,0.086,0.064,0.0,0.0,1.0,0.981,0.981,0.981,0.196,1.0,1.0,0.462,0.584,0.57,24.267,0x00000101,192.168.0.40,8080,255.255.255.0,192.168.0.1,0xFFFFFFFF,0xFFFFFFFF,0xFFFFFFFF,0x00000000,
21.3796589375,0x00000000,0x00000000,0x00000000,0x00000000,0x00000000,0x00000000,0x00000000,0x00000000,38.44,5,0x00000000,96.094,97.255,-0.02,0.129,-0.172,0.002,0.095,-11.735,-10.614,-0.354,1.41,5.793,0x00000003,1.0,1.0,-3.197,0.636,0.055,0.45,0.514,0.0,0.0,1.198,1.77,0.0,0.0,1.484,-6.332,-2.022,0.0,0.0,-6.332,34.991,34.991,0.0,0.0,0.0,96.484,96.094,0.0,0.0,26.375,26.25,0.0,0.0,0.059,0.16,90.0,76.703,0.109,27.5,0x00000000,0x00000000,0x00000000,0.0,1246,1279,-10.025,-5.442,0.0,0.0,0.086,0.064,0.0,0.0,1.0,0.981,0.981,0.981,0.196,1.0,1.0,0.462,0.584,0.57,24.267,0x00000101,192.168.0.40,8080,255.255.255.0,192.168.0.1,0xFFFFFFFF,0xFFFFFFFF,0xFFFFFFFF,0x00000000,
22.1809709072,0x00000040,0x00000000,0x00000000,0x00000000,0x00000000,0x00000000,0x00000000,0x00000000,39.24,6,0x00000200,96.094,97.255,-0.008,0.054,0.221,-0.04,0.237,-3.661,12.766,-0.464,-0.414,14.346,0x00000003,1.0,1.0,-1.137,-0.177,0.309,-0.298,-0.167,0.0,0.0,1.124,1.858,0.0,0.0,1.491,-0.28,0.0,0.0,0.0,-0.28,34.991,34.991,0.0,0.0,0.0,96.484,96.094,0.0,0.0,26.438,26.25,0.0,0.0,0.0,0.0,90.0,76.703,0.102,27.5,0x00000000,0x00000000,0x00000000,0.0,1246,1279,2.269,7.642,0.0,0.0,0.089,0.067,0.0,0.0,1.0,0.981,0.981,0.981,0.196,1.0,1.0,0.462,0.584,0.57,24.267,0x00000101,192.168.0.40,8080,255.255.255.0,192.168.0.1,0xFFFFFFFF,0xFFFFFFFF,0xFFFFFFFF,0x00000000,
